"","VS_Puzzle","Participant.Private.ID","Task.Name","Eye.Condition","Reaction.Time","X.Coordinate","Y.Coordinate","xMin","yMin","xMax","yMax","correct"
"1","Image1.PNG",4332728,"Visual Search Click on Location","Binoc",5068,484,121,460,110,525,130,1
"2","Image1.PNG",5550049,"Visual Search Click on Location","Binoc",6760.1,489,123,460,110,525,130,1
"3","Image1.PNG",4449137,"Visual Search Click on Location","Mono",2826.70000004768,499,118,460,110,525,130,1
"4","Image1.PNG",4384320,"Visual Search Click on Location","Binoc",3523.80000007153,512,118,460,110,525,130,1
"5","Image1.PNG",4491824,"Visual Search Click on Location","Mono",2529.29999999702,500,168,460,110,525,130,0
"6","Image1.PNG",4333569,"Visual Search Click on Location","Binoc",10853.5,488,126,460,110,525,130,1
"7","Image1.PNG",4447985,"Visual Search Click on Location","Binoc",5141.60000014305,492,121,460,110,525,130,1
"8","Image1.PNG",4449574,"Visual Search Click on Location","Mono",2149,498,119,460,110,525,130,1
"9","Image1.PNG",5410548,"Visual Search Click on Location","Binoc",1999.29999995232,492,117,460,110,525,130,1
"10","Image1.PNG",4449101,"Visual Search Click on Location","Binoc",4970.40000000596,492,113,460,110,525,130,1
"11","Image1.PNG",4334877,"Visual Search Click on Location","Binoc",31576.5,506,124,460,110,525,130,1
"12","Image1.PNG",4497128,"Visual Search Click on Location","Mono",9802.19999999925,511,117,460,110,525,130,1
"13","Image1.PNG",4443776,"Visual Search Click on Location","Binoc",2336.09999990463,488,124,460,110,525,130,1
"14","Image1.PNG",5409913,"Visual Search Click on Location","Binoc",8406.90000009537,506,118,460,110,525,130,1
"15","Image1.PNG",4505777,"Visual Search Click on Location","Mono",5885.5,496,121,460,110,525,130,1
"16","Image1.PNG",4336146,"Visual Search Click on Location","Binoc",4107.09999999404,496,117,460,110,525,130,1
"17","Image1.PNG",5388619,"Visual Search Click on Location","Binoc",7485,487,118,460,110,525,130,1
"18","Image1.PNG",5063232,"Visual Search Click on Location","Mono",10801.1999999997,498,119,460,110,525,130,1
"19","Image1.PNG",4354253,"Visual Search Click on Location","Binoc",6246.19999999925,487,118,460,110,525,130,1
"20","Image1.PNG",5387474,"Visual Search Click on Location","Binoc",2499.89999999851,486,118,460,110,525,130,1
"21","Image1.PNG",4372219,"Visual Search Click on Location","Binoc",3358.60000000149,500,122,460,110,525,130,1
"22","Image1.PNG",4450899,"Visual Search Click on Location","Binoc",18784.5,495,130,460,110,525,130,1
"23","Image1.PNG",5123950,"Visual Search Click on Location","Mono",34721.2000000002,497,120,460,110,525,130,1
"24","Image1.PNG",5207972,"Visual Search Click on Location","Binoc",14799.4000000954,493,118,460,110,525,130,1
"25","Image1.PNG",4379880,"Visual Search Click on Location","Binoc",8229,495,117,460,110,525,130,1
"26","Image1.PNG",4848619,"Visual Search Click on Location","Mono",11864,496,114,460,110,525,130,1
"27","Image1.PNG",4449137,"Visual Search Click on Location","Binoc",18539.7000000477,493,118,460,110,525,130,1
"28","Image1.PNG",5186811,"Visual Search Click on Location","Mono",8525.80000001192,492,122,460,110,525,130,1
"29","Image1.PNG",4392148,"Visual Search Click on Location","Binoc",15853.900000006,491,124,460,110,525,130,1
"30","Image1.PNG",5198273,"Visual Search Click on Location","Binoc",5570.70000000298,492,121,460,110,525,130,1
"31","Image1.PNG",4449574,"Visual Search Click on Location","Binoc",2288.30000019073,500,112,460,110,525,130,1
"32","Image1.PNG",5550049,"Visual Search Click on Location","Mono",13298.6,490,121,460,110,525,130,1
"33","Image1.PNG",5186811,"Visual Search Click on Location","Binoc",30478.2999999821,498,122,460,110,525,130,1
"34","Image1.PNG",4333147,"Visual Search Click on Location","Mono",55316.4000000954,493,119,460,110,525,130,1
"35","Image1.PNG",4488838,"Visual Search Click on Location","Mono",8386.90000000596,494,120,460,110,525,130,1
"36","Image1.PNG",4408537,"Visual Search Click on Location","Binoc",8440.70000004768,480,120,460,110,525,130,1
"37","Image1.PNG",4373538,"Visual Search Click on Location","Binoc",5203.20000004768,485,117,460,110,525,130,1
"38","Image1.PNG",4429865,"Visual Search Click on Location","Binoc",5754.30499995127,496,120,460,110,525,130,1
"39","Image1.PNG",4450348,"Visual Search Click on Location","Binoc",1198.79999995232,483,122,460,110,525,130,1
"40","Image1.PNG",4333569,"Visual Search Click on Location","Mono",11107.5999999046,488,120,460,110,525,130,1
"41","Image1.PNG",5410548,"Visual Search Click on Location","Mono",1722.60000002384,493,117,460,110,525,130,1
"42","Image1.PNG",4495599,"Visual Search Click on Location","Mono",8651.90000000596,492,118,460,110,525,130,1
"43","Image1.PNG",4447985,"Visual Search Click on Location","Mono",26309.7999999523,483,115,460,110,525,130,1
"44","Image1.PNG",4445309,"Visual Search Click on Location","Binoc",18749,491,126,460,110,525,130,1
"45","Image1.PNG",4334877,"Visual Search Click on Location","Mono",6078.79999995232,486,122,460,110,525,130,1
"46","Image1.PNG",5409913,"Visual Search Click on Location","Mono",7899.09999990463,494,117,460,110,525,130,1
"47","Image1.PNG",4339358,"Visual Search Click on Location","Mono",13256.8000000119,496,119,460,110,525,130,1
"48","Image1.PNG",4449369,"Visual Search Click on Location","Mono",14379.8999998569,492,122,460,110,525,130,1
"49","Image1.PNG",4497415,"Visual Search Click on Location","Mono",3009.5,481,125,460,110,525,130,1
"50","Image1.PNG",5128386,"Visual Search Click on Location","Binoc",9698.19999999553,494,122,460,110,525,130,1
"51","Image1.PNG",4336146,"Visual Search Click on Location","Mono",4350.20000000298,492,121,460,110,525,130,1
"52","Image1.PNG",5388619,"Visual Search Click on Location","Mono",4501,502,121,460,110,525,130,1
"53","Image1.PNG",4449369,"Visual Search Click on Location","Binoc",8744.59999990463,500,121,460,110,525,130,1
"54","Image1.PNG",4495135,"Visual Search Click on Location","Binoc",2249.5,499,118,460,110,525,130,1
"55","Image1.PNG",4354253,"Visual Search Click on Location","Mono",4473.5,492,120,460,110,525,130,1
"56","Image1.PNG",5387474,"Visual Search Click on Location","Mono",8306.09999999963,494,118,460,110,525,130,1
"57","Image1.PNG",4821358,"Visual Search Click on Location","Mono",16544.2000000179,494,113,460,110,525,130,1
"58","Image1.PNG",4460944,"Visual Search Click on Location","Binoc",4129.30000001192,489,121,460,110,525,130,1
"59","Image1.PNG",4449420,"Visual Search Click on Location","Binoc",16383.400000006,489,114,460,110,525,130,1
"60","Image1.PNG",4497128,"Visual Search Click on Location","Binoc",7595.5,506,118,460,110,525,130,1
"61","Image1.PNG",4494914,"Visual Search Click on Location","Binoc",41115.3999999911,489,120,460,110,525,130,1
"62","Image1.PNG",4452506,"Visual Search Click on Location","Mono",26166,490,122,460,110,525,130,1
"63","Image1.PNG",4404605,"Visual Search Click on Location","Mono",6309.30000000005,491,123,460,110,525,130,1
"64","Image1.PNG",4460944,"Visual Search Click on Location","Mono",5718.5,490,121,460,110,525,130,1
"65","Image1.PNG",4452506,"Visual Search Click on Location","Binoc",26179,491,122,460,110,525,130,1
"66","Image1.PNG",4392148,"Visual Search Click on Location","Mono",6246.5,491,116,460,110,525,130,1
"67","Image1.PNG",4495599,"Visual Search Click on Location","Binoc",3029.90000000596,495,117,460,110,525,130,1
"68","Image1.PNG",4381159,"Visual Search Click on Location","Binoc",14382.1400000015,491,119,460,110,525,130,1
"69","Image1.PNG",4408537,"Visual Search Click on Location","Mono",9779.5,492,117,460,110,525,130,1
"70","Image1.PNG",4424285,"Visual Search Click on Location","Mono",13472.599999994,504,118,460,110,525,130,1
"71","Image1.PNG",4482002,"Visual Search Click on Location","Binoc",15843,490,125,460,110,525,130,1
"72","Image1.PNG",4497415,"Visual Search Click on Location","Binoc",1210.60000000009,496,127,460,110,525,130,1
"73","Image1.PNG",4443776,"Visual Search Click on Location","Mono",2051,491,129,460,110,525,130,1
"74","Image1.PNG",5122499,"Visual Search Click on Location","Binoc",9467.20000004768,491,116,460,110,525,130,1
"75","Image1.PNG",4472380,"Visual Search Click on Location","Binoc",6884.5,502,125,460,110,525,130,1
"76","Image1.PNG",5193241,"Visual Search Click on Location","Binoc",10443.8000000715,500,119,460,110,525,130,1
"77","Image1.PNG",4333590,"Visual Search Click on Location","Mono",7496.89999999991,493,117,460,110,525,130,1
"78","Image1.PNG",5389739,"Visual Search Click on Location","Mono",14452.5999999999,493,122,460,110,525,130,1
"79","Image1.PNG",4476704,"Visual Search Click on Location","Binoc",29144,470,126,460,110,525,130,1
"80","Image1.PNG",4334401,"Visual Search Click on Location","Mono",5065,310,141,460,110,525,130,0
"81","Image1.PNG",4475413,"Visual Search Click on Location","Binoc",5271.89999999851,491,119,460,110,525,130,1
"82","Image1.PNG",5361762,"Visual Search Click on Location","Mono",3915,497,114,460,110,525,130,1
"83","Image1.PNG",4489139,"Visual Search Click on Location","Mono",36966.0999999046,497,118,460,110,525,130,1
"84","Image1.PNG",4450348,"Visual Search Click on Location","Mono",1635.60000014305,489,127,460,110,525,130,1
"85","Image1.PNG",4449101,"Visual Search Click on Location","Mono",5501.69999998808,500,125,460,110,525,130,1
"86","Image1.PNG",4489139,"Visual Search Click on Location","Binoc",3673.10000002384,488,122,460,110,525,130,1
"87","Image1.PNG",5498486,"Visual Search Click on Location","Binoc",1723,499,125,460,110,525,130,1
"88","Image1.PNG",5407126,"Visual Search Click on Location","Mono",3864,478,123,460,110,525,130,1
"89","Image1.PNG",4404605,"Visual Search Click on Location","Binoc",11536.8999999999,486,118,460,110,525,130,1
"90","Image1.PNG",4495135,"Visual Search Click on Location","Mono",2345.69999980927,492,122,460,110,525,130,1
"91","Image1.PNG",5207972,"Visual Search Click on Location","Mono",1884,491,116,460,110,525,130,1
"92","Image1.PNG",4491824,"Visual Search Click on Location","Binoc",28814.200000003,496,122,460,110,525,130,1
"93","Image1.PNG",4449717,"Visual Search Click on Location","Mono",13389.5,304,39,460,110,525,130,0
"94","Image1.PNG",5361762,"Visual Search Click on Location","Binoc",7678,481,122,460,110,525,130,1
"95","Image1.PNG",4381159,"Visual Search Click on Location","Mono",16716.774999979,492,118,460,110,525,130,1
"96","Image1.PNG",4450899,"Visual Search Click on Location","Mono",8490.69999980927,505,124,460,110,525,130,1
"97","Image1.PNG",5122499,"Visual Search Click on Location","Mono",4025.90000009537,484,120,460,110,525,130,1
"98","Image1.PNG",4848619,"Visual Search Click on Location","Binoc",14266,490,121,460,110,525,130,1
"99","Image1.PNG",4476704,"Visual Search Click on Location","Mono",17166,508,118,460,110,525,130,1
"100","Image1.PNG",4690432,"Visual Search Click on Location","Mono",34045.8000000007,490,118,460,110,525,130,1
"101","Image1.PNG",4505777,"Visual Search Click on Location","Binoc",9917,493,116,460,110,525,130,1
"102","Image1.PNG",4452039,"Visual Search Click on Location","Mono",9095.19999999995,509,115,460,110,525,130,1
"103","Image1.PNG",4379880,"Visual Search Click on Location","Mono",15386,510,123,460,110,525,130,1
"104","Image1.PNG",4333590,"Visual Search Click on Location","Binoc",20528.8000000003,504,111,460,110,525,130,1
"105","Image1.PNG",4690432,"Visual Search Click on Location","Binoc",16520.9000000004,489,123,460,110,525,130,1
"106","Image1.PNG",4336342,"Visual Search Click on Location","Binoc",5920,491,121,460,110,525,130,1
"107","Image1.PNG",5407126,"Visual Search Click on Location","Binoc",1649,478,120,460,110,525,130,1
"108","Image1.PNG",4448050,"Visual Search Click on Location","Mono",27875,492,118,460,110,525,130,1
"109","Image1.PNG",5128386,"Visual Search Click on Location","Mono",5931,501,117,460,110,525,130,1
"110","Image1.PNG",4333147,"Visual Search Click on Location","Binoc",3622.70000004768,496,119,460,110,525,130,1
"111","Image1.PNG",4336342,"Visual Search Click on Location","Mono",11657,485,121,460,110,525,130,1
"112","Image1.PNG",5185783,"Visual Search Click on Location","Binoc",3885.19999998808,490,120,460,110,525,130,1
"113","Image1.PNG",4475413,"Visual Search Click on Location","Mono",65437.3999999985,494,121,460,110,525,130,1
"114","Image1.PNG",4449717,"Visual Search Click on Location","Binoc",2839.39999999106,491,125,460,110,525,130,1
"115","Image1.PNG",5409261,"Visual Search Click on Location","Mono",22593.2999997139,487,122,460,110,525,130,1
"116","Image1.PNG",4429865,"Visual Search Click on Location","Mono",5847.43000008166,498,120,460,110,525,130,1
"117","Image1.PNG",4488838,"Visual Search Click on Location","Binoc",7224.10000000894,500,123,460,110,525,130,1
"118","Image1.PNG",4482002,"Visual Search Click on Location","Mono",14558,485,117,460,110,525,130,1
"119","Image1.PNG",4332728,"Visual Search Click on Location","Mono",1897,488,119,460,110,525,130,1
"120","Image1.PNG",4521037,"Visual Search Click on Location","Mono",13778.7000000477,484,119,460,110,525,130,1
"121","Image1.PNG",4424285,"Visual Search Click on Location","Binoc",2254.70000001788,477,114,460,110,525,130,1
"122","Image1.PNG",4449420,"Visual Search Click on Location","Mono",12704.5,502,111,460,110,525,130,1
"123","Image1.PNG",4494914,"Visual Search Click on Location","Mono",24397.299999997,494,112,460,110,525,130,1
"124","Image1.PNG",5470308,"Visual Search Click on Location","Binoc",3006,490,116,460,110,525,130,1
"125","Image1.PNG",5185783,"Visual Search Click on Location","Mono",19212.7999999821,494,121,460,110,525,130,1
"126","Image1.PNG",4452039,"Visual Search Click on Location","Binoc",14036.8999999999,470,117,460,110,525,130,1
"127","Image1.PNG",4454520,"Visual Search Click on Location","Binoc",9243.59999999963,494,118,460,110,525,130,1
"128","Image1.PNG",5123950,"Visual Search Click on Location","Binoc",10591.5999999996,493,120,460,110,525,130,1
"129","Image1.PNG",4454520,"Visual Search Click on Location","Mono",16872.0999999996,509,120,460,110,525,130,1
"130","Image1.PNG",4469128,"Visual Search Click on Location","Mono",74137.9549999983,496,125,460,110,525,130,1
"131","Image1.PNG",5389739,"Visual Search Click on Location","Binoc",14125.3999999999,489,128,460,110,525,130,1
"132","Image1.PNG",4469128,"Visual Search Click on Location","Binoc",36210.0550000032,490,121,460,110,525,130,1
"133","Image1.PNG",4373538,"Visual Search Click on Location","Mono",14850.6999999881,492,121,460,110,525,130,1
"134","Image1.PNG",4384320,"Visual Search Click on Location","Mono",8068.19999992847,497,128,460,110,525,130,1
"135","Image1.PNG",4821358,"Visual Search Click on Location","Binoc",16016.900000006,490,120,460,110,525,130,1
"136","Image1.PNG",4372219,"Visual Search Click on Location","Mono",6605.69999999553,491,119,460,110,525,130,1
"137","Image1.PNG",5409261,"Visual Search Click on Location","Binoc",1524.70000000007,490,118,460,110,525,130,1
"138","Image1.PNG",4447916,"Visual Search Click on Location","Mono",4418.30000000028,490,120,460,110,525,130,1
"139","Image1.PNG",5470308,"Visual Search Click on Location","Mono",9992.90000000037,490,123,460,110,525,130,1
"140","Image1.PNG",5198273,"Visual Search Click on Location","Mono",7189.90000000596,471,118,460,110,525,130,1
"141","Image1.PNG",4448050,"Visual Search Click on Location","Binoc",37188,489,122,460,110,525,130,1
"142","Image1.PNG",4339358,"Visual Search Click on Location","Binoc",21360.5,490,118,460,110,525,130,1
"143","Image1.PNG",4445309,"Visual Search Click on Location","Mono",47142.3000000715,498,120,460,110,525,130,1
"144","Image1.PNG",5193241,"Visual Search Click on Location","Mono",34584.6000000238,561,178,460,110,525,130,0
"145","Image1.PNG",5063232,"Visual Search Click on Location","Binoc",17242.1000000001,488,118,460,110,525,130,1
"146","Image1.PNG",4521037,"Visual Search Click on Location","Binoc",16115.2000000477,492,123,460,110,525,130,1
"147","Image1.PNG",4447916,"Visual Search Click on Location","Binoc",3841.89999999944,497,121,460,110,525,130,1
"148","Image1.PNG",5498486,"Visual Search Click on Location","Mono",1518,490,119,460,110,525,130,1
"149","Image1.PNG",4472380,"Visual Search Click on Location","Mono",27355.1000000238,491,117,460,110,525,130,1
"150","Image1.PNG",4334401,"Visual Search Click on Location","Binoc",57774.5,493,120,460,110,525,130,1
"151","Image2.PNG",4354253,"Visual Search Click on Location","Binoc",3034,153,211,128,202,193,222,1
"152","Image2.PNG",4336146,"Visual Search Click on Location","Mono",5581.80000000447,180,205,128,202,193,222,1
"153","Image2.PNG",4384320,"Visual Search Click on Location","Mono",7504.30000007153,165,216,128,202,193,222,1
"154","Image2.PNG",4491824,"Visual Search Click on Location","Binoc",171765.799999997,162,216,128,202,193,222,1
"155","Image2.PNG",4488838,"Visual Search Click on Location","Mono",9959.20000000298,165,215,128,202,193,222,1
"156","Image2.PNG",4505777,"Visual Search Click on Location","Mono",9190.5,166,215,128,202,193,222,1
"157","Image2.PNG",4445309,"Visual Search Click on Location","Binoc",6731.30000007153,163,208,128,202,193,222,1
"158","Image2.PNG",4447985,"Visual Search Click on Location","Binoc",2868.29999995232,154,213,128,202,193,222,1
"159","Image2.PNG",4447916,"Visual Search Click on Location","Binoc",49567.8999999999,156,213,128,202,193,222,1
"160","Image2.PNG",5410548,"Visual Search Click on Location","Binoc",3325,159,210,128,202,193,222,1
"161","Image2.PNG",4476704,"Visual Search Click on Location","Binoc",48421,164,211,128,202,193,222,1
"162","Image2.PNG",4450899,"Visual Search Click on Location","Mono",29919.6000001431,158,215,128,202,193,222,1
"163","Image2.PNG",4460944,"Visual Search Click on Location","Binoc",16914,158,218,128,202,193,222,1
"164","Image2.PNG",4384320,"Visual Search Click on Location","Binoc",5984.80000007153,172,219,128,202,193,222,1
"165","Image2.PNG",4489139,"Visual Search Click on Location","Binoc",4957.30000007153,154,209,128,202,193,222,1
"166","Image2.PNG",4848619,"Visual Search Click on Location","Binoc",12807,159,213,128,202,193,222,1
"167","Image2.PNG",5498486,"Visual Search Click on Location","Binoc",2349,166,209,128,202,193,222,1
"168","Image2.PNG",5122499,"Visual Search Click on Location","Binoc",8775.70000004768,147,211,128,202,193,222,1
"169","Image2.PNG",4333590,"Visual Search Click on Location","Mono",6168.69999999995,163,214,128,202,193,222,1
"170","Image2.PNG",4449101,"Visual Search Click on Location","Binoc",19479,177.275700934579,208.269230769231,128,202,193,222,1
"171","Image2.PNG",4449369,"Visual Search Click on Location","Mono",6593,159,216,128,202,193,222,1
"172","Image2.PNG",4379880,"Visual Search Click on Location","Binoc",12131,151,188,128,202,193,222,0
"173","Image2.PNG",4472380,"Visual Search Click on Location","Mono",16572.8999999762,164,213,128,202,193,222,1
"174","Image2.PNG",4489139,"Visual Search Click on Location","Mono",16596.5,158,206,128,202,193,222,1
"175","Image2.PNG",5550049,"Visual Search Click on Location","Binoc",29207.8,160,216,128,202,193,222,1
"176","Image2.PNG",4452039,"Visual Search Click on Location","Binoc",23196.1000000001,167,207,128,202,193,222,1
"177","Image2.PNG",4497128,"Visual Search Click on Location","Binoc",8572,159,211,128,202,193,222,1
"178","Image2.PNG",5387474,"Visual Search Click on Location","Mono",6265.40000000037,161,207,128,202,193,222,1
"179","Image2.PNG",4429865,"Visual Search Click on Location","Mono",2800.47499993816,166,216,128,202,193,222,1
"180","Image2.PNG",4379880,"Visual Search Click on Location","Mono",3920,168,213,128,202,193,222,1
"181","Image2.PNG",4495135,"Visual Search Click on Location","Mono",4930.60000038147,159,213,128,202,193,222,1
"182","Image2.PNG",4334877,"Visual Search Click on Location","Mono",4852.30000007153,160,212,128,202,193,222,1
"183","Image2.PNG",4848619,"Visual Search Click on Location","Mono",4546.99999999999,161,216,128,202,193,222,1
"184","Image2.PNG",5198273,"Visual Search Click on Location","Mono",4115.29999999702,176,219.771126760563,128,202,193,222,1
"185","Image2.PNG",4449717,"Visual Search Click on Location","Mono",4195,157,128,128,202,193,222,0
"186","Image2.PNG",4334401,"Visual Search Click on Location","Binoc",8543.5,152,196,128,202,193,222,0
"187","Image2.PNG",4392148,"Visual Search Click on Location","Mono",6251.29999998212,161,206,128,202,193,222,1
"188","Image2.PNG",4336146,"Visual Search Click on Location","Binoc",6764.70000000298,167,215,128,202,193,222,1
"189","Image2.PNG",5122499,"Visual Search Click on Location","Mono",5350.80000007153,140,213,128,202,193,222,1
"190","Image2.PNG",5186811,"Visual Search Click on Location","Mono",3599.30000001192,165,210,128,202,193,222,1
"191","Image2.PNG",4475413,"Visual Search Click on Location","Mono",6747.80000000075,160,214,128,202,193,222,1
"192","Image2.PNG",4449420,"Visual Search Click on Location","Binoc",20553.5,168.261682242991,207.728873239437,128,202,193,222,1
"193","Image2.PNG",4339358,"Visual Search Click on Location","Binoc",9319.5,166,213,128,202,193,222,1
"194","Image2.PNG",5550049,"Visual Search Click on Location","Mono",12792.5,164,213,128,202,193,222,1
"195","Image2.PNG",5387474,"Visual Search Click on Location","Binoc",4058.20000000112,168,217,128,202,193,222,1
"196","Image2.PNG",5498486,"Visual Search Click on Location","Mono",3568,164,212,128,202,193,222,1
"197","Image2.PNG",4447916,"Visual Search Click on Location","Mono",56685.0999999996,163,216,128,202,193,222,1
"198","Image2.PNG",4450348,"Visual Search Click on Location","Binoc",6895.79999995232,162,210,128,202,193,222,1
"199","Image2.PNG",4381159,"Visual Search Click on Location","Binoc",23881.5300000133,161,213,128,202,193,222,1
"200","Image2.PNG",4354253,"Visual Search Click on Location","Mono",29628.4000000004,158,213,128,202,193,222,1
"201","Image2.PNG",4690432,"Visual Search Click on Location","Binoc",6191.09999999963,160,215,128,202,193,222,1
"202","Image2.PNG",4821358,"Visual Search Click on Location","Binoc",4159.19999998808,160,209,128,202,193,222,1
"203","Image2.PNG",4447985,"Visual Search Click on Location","Mono",6950.79999995232,148,209,128,202,193,222,1
"204","Image2.PNG",4333569,"Visual Search Click on Location","Mono",5194.2000002861,159,211,128,202,193,222,1
"205","Image2.PNG",4495599,"Visual Search Click on Location","Mono",37487,161,211,128,202,193,222,1
"206","Image2.PNG",4333569,"Visual Search Click on Location","Binoc",9966,165,215,128,202,193,222,1
"207","Image2.PNG",5185783,"Visual Search Click on Location","Mono",10126.099999994,160,212,128,202,193,222,1
"208","Image2.PNG",4443776,"Visual Search Click on Location","Mono",12332.8000001907,170,209,128,202,193,222,1
"209","Image2.PNG",4404605,"Visual Search Click on Location","Binoc",11760,156,209,128,202,193,222,1
"210","Image2.PNG",4454520,"Visual Search Click on Location","Mono",9285.40000000037,160,214.753521126761,128,202,193,222,1
"211","Image2.PNG",4449574,"Visual Search Click on Location","Mono",5924.60000038147,165,212,128,202,193,222,1
"212","Image2.PNG",5193241,"Visual Search Click on Location","Mono",6346.79999995232,163,215,128,202,193,222,1
"213","Image2.PNG",4373538,"Visual Search Click on Location","Mono",9747.80000001192,163,212,128,202,193,222,1
"214","Image2.PNG",5409913,"Visual Search Click on Location","Binoc",19216.4000000954,451,237,128,202,193,222,0
"215","Image2.PNG",4334877,"Visual Search Click on Location","Binoc",5390.40000009537,160,208,128,202,193,222,1
"216","Image2.PNG",4449369,"Visual Search Click on Location","Binoc",20617.5999999046,163,215,128,202,193,222,1
"217","Image2.PNG",4821358,"Visual Search Click on Location","Mono",21176.5,156,209,128,202,193,222,1
"218","Image2.PNG",4381159,"Visual Search Click on Location","Mono",31981.2450000318,160,217,128,202,193,222,1
"219","Image2.PNG",5409261,"Visual Search Click on Location","Binoc",5869.09999999998,153,214,128,202,193,222,1
"220","Image2.PNG",4372219,"Visual Search Click on Location","Mono",4260.5,161,206,128,202,193,222,1
"221","Image2.PNG",4491824,"Visual Search Click on Location","Mono",2827.5,289,236,128,202,193,222,0
"222","Image2.PNG",4450899,"Visual Search Click on Location","Binoc",31626.3999998569,156,203,128,202,193,222,1
"223","Image2.PNG",4472380,"Visual Search Click on Location","Binoc",31884.8999999762,163,206,128,202,193,222,1
"224","Image2.PNG",4448050,"Visual Search Click on Location","Binoc",17271,148,212,128,202,193,222,1
"225","Image2.PNG",5123950,"Visual Search Click on Location","Mono",31847.5,166,209,128,202,193,222,1
"226","Image2.PNG",4372219,"Visual Search Click on Location","Binoc",2956.39999999851,154,210,128,202,193,222,1
"227","Image2.PNG",4460944,"Visual Search Click on Location","Mono",5679.19999998808,156,214,128,202,193,222,1
"228","Image2.PNG",5128386,"Visual Search Click on Location","Mono",12742.3999999985,174,209,128,202,193,222,1
"229","Image2.PNG",5410548,"Visual Search Click on Location","Mono",2713.70000004768,167,221,128,202,193,222,1
"230","Image2.PNG",4424285,"Visual Search Click on Location","Mono",5701.80000001192,163,213,128,202,193,222,1
"231","Image2.PNG",4497415,"Visual Search Click on Location","Binoc",6758.29999999981,171,218,128,202,193,222,1
"232","Image2.PNG",4392148,"Visual Search Click on Location","Binoc",7315.69999998808,159,210,128,202,193,222,1
"233","Image2.PNG",5198273,"Visual Search Click on Location","Binoc",2854.79999999702,159,212.746478873239,128,202,193,222,1
"234","Image2.PNG",5470308,"Visual Search Click on Location","Mono",48981.1000000001,162,218,128,202,193,222,1
"235","Image2.PNG",4408537,"Visual Search Click on Location","Binoc",7769,168,214,128,202,193,222,1
"236","Image2.PNG",4452506,"Visual Search Click on Location","Mono",14245,159,213,128,202,193,222,1
"237","Image2.PNG",4449717,"Visual Search Click on Location","Binoc",11264.5,163,213,128,202,193,222,1
"238","Image2.PNG",5407126,"Visual Search Click on Location","Binoc",6751,167,213,128,202,193,222,1
"239","Image2.PNG",4445309,"Visual Search Click on Location","Mono",30002.1000000238,176,216,128,202,193,222,1
"240","Image2.PNG",4429865,"Visual Search Click on Location","Binoc",5120.7300000824,159,214,128,202,193,222,1
"241","Image2.PNG",4482002,"Visual Search Click on Location","Binoc",12709,165,208,128,202,193,222,1
"242","Image2.PNG",4404605,"Visual Search Click on Location","Mono",6683.70000000019,173,217,128,202,193,222,1
"243","Image2.PNG",4448050,"Visual Search Click on Location","Mono",26371,159,211,128,202,193,222,1
"244","Image2.PNG",4332728,"Visual Search Click on Location","Binoc",3888,166,213,128,202,193,222,1
"245","Image2.PNG",5063232,"Visual Search Click on Location","Binoc",9441.39999999991,175,215,128,202,193,222,1
"246","Image2.PNG",5409913,"Visual Search Click on Location","Mono",19705.8000001907,176,219,128,202,193,222,1
"247","Image2.PNG",4454520,"Visual Search Click on Location","Binoc",23458,173,212.746478873239,128,202,193,222,1
"248","Image2.PNG",4497415,"Visual Search Click on Location","Mono",1958.10000000009,152,216,128,202,193,222,1
"249","Image2.PNG",4476704,"Visual Search Click on Location","Mono",12285,172,215,128,202,193,222,1
"250","Image2.PNG",5389739,"Visual Search Click on Location","Binoc",7252.89999999991,158,214,128,202,193,222,1
"251","Image2.PNG",5407126,"Visual Search Click on Location","Mono",2660,153,217,128,202,193,222,1
"252","Image2.PNG",4521037,"Visual Search Click on Location","Mono",11014.7999999523,156,213,128,202,193,222,1
"253","Image2.PNG",5388619,"Visual Search Click on Location","Mono",4374,160,214,128,202,193,222,1
"254","Image2.PNG",5470308,"Visual Search Click on Location","Binoc",4748.89999999991,158,212,128,202,193,222,1
"255","Image2.PNG",5389739,"Visual Search Click on Location","Mono",23671.8,158,213,128,202,193,222,1
"256","Image2.PNG",4497128,"Visual Search Click on Location","Mono",22524.4000000004,163,207,128,202,193,222,1
"257","Image2.PNG",4475413,"Visual Search Click on Location","Binoc",5165.79999999702,158,213,128,202,193,222,1
"258","Image2.PNG",5388619,"Visual Search Click on Location","Binoc",6062,153,217,128,202,193,222,1
"259","Image2.PNG",4333147,"Visual Search Click on Location","Binoc",7641.79999995232,164,208,128,202,193,222,1
"260","Image2.PNG",4333147,"Visual Search Click on Location","Mono",34127.7999999523,160,214,128,202,193,222,1
"261","Image2.PNG",4452039,"Visual Search Click on Location","Mono",9028.80000000005,150,211,128,202,193,222,1
"262","Image2.PNG",5123950,"Visual Search Click on Location","Binoc",19711.7999999998,172,204,128,202,193,222,1
"263","Image2.PNG",4373538,"Visual Search Click on Location","Binoc",5370.10000002384,144,208,128,202,193,222,1
"264","Image2.PNG",4521037,"Visual Search Click on Location","Binoc",7743.80000007153,170,210,128,202,193,222,1
"265","Image2.PNG",5193241,"Visual Search Click on Location","Binoc",26729.2999999523,233,268,128,202,193,222,0
"266","Image2.PNG",4494914,"Visual Search Click on Location","Binoc",19378.799999997,163,208,128,202,193,222,1
"267","Image2.PNG",5207972,"Visual Search Click on Location","Binoc",3879.5,168,214,128,202,193,222,1
"268","Image2.PNG",5128386,"Visual Search Click on Location","Binoc",10903.400000006,169,210,128,202,193,222,1
"269","Image2.PNG",4332728,"Visual Search Click on Location","Mono",2815,154,213,128,202,193,222,1
"270","Image2.PNG",4469128,"Visual Search Click on Location","Mono",29016.844999991,164,221,128,202,193,222,1
"271","Image2.PNG",4336342,"Visual Search Click on Location","Binoc",12610,159,215,128,202,193,222,1
"272","Image2.PNG",4495599,"Visual Search Click on Location","Binoc",10788.5,155,208,128,202,193,222,1
"273","Image2.PNG",4449101,"Visual Search Click on Location","Mono",15576.900000006,491.764797507788,12.9545454545455,128,202,193,222,0
"274","Image2.PNG",5186811,"Visual Search Click on Location","Binoc",4246.09999999404,158,214,128,202,193,222,1
"275","Image2.PNG",5207972,"Visual Search Click on Location","Mono",14470.1000003815,169,218,128,202,193,222,1
"276","Image2.PNG",5063232,"Visual Search Click on Location","Mono",72520.9000000004,159,213,128,202,193,222,1
"277","Image2.PNG",4690432,"Visual Search Click on Location","Mono",19553.7000000011,159,210,128,202,193,222,1
"278","Image2.PNG",4333590,"Visual Search Click on Location","Binoc",13600.5,170,207,128,202,193,222,1
"279","Image2.PNG",4482002,"Visual Search Click on Location","Mono",11842,161,205,128,202,193,222,1
"280","Image2.PNG",4469128,"Visual Search Click on Location","Binoc",44791.5700000012,153,212,128,202,193,222,1
"281","Image2.PNG",5361762,"Visual Search Click on Location","Binoc",5261,151,208,128,202,193,222,1
"282","Image2.PNG",4443776,"Visual Search Click on Location","Binoc",2375.09999990463,162,208,128,202,193,222,1
"283","Image2.PNG",4494914,"Visual Search Click on Location","Mono",5264.20000000298,169,215,128,202,193,222,1
"284","Image2.PNG",4334401,"Visual Search Click on Location","Mono",5664.09999990463,161,212,128,202,193,222,1
"285","Image2.PNG",4449137,"Visual Search Click on Location","Mono",2763.5,160,209,128,202,193,222,1
"286","Image2.PNG",4495135,"Visual Search Click on Location","Binoc",14708.6000003815,156,211,128,202,193,222,1
"287","Image2.PNG",4336342,"Visual Search Click on Location","Mono",28509,166,210,128,202,193,222,1
"288","Image2.PNG",5185783,"Visual Search Click on Location","Binoc",5384.80000001192,163,211,128,202,193,222,1
"289","Image2.PNG",4449574,"Visual Search Click on Location","Binoc",4766.59999990463,170,214,128,202,193,222,1
"290","Image2.PNG",4488838,"Visual Search Click on Location","Binoc",3938.79999999702,161,210,128,202,193,222,1
"291","Image2.PNG",4408537,"Visual Search Click on Location","Mono",19149,155,211,128,202,193,222,1
"292","Image2.PNG",4339358,"Visual Search Click on Location","Mono",6036.39999997616,160,209,128,202,193,222,1
"293","Image2.PNG",4505777,"Visual Search Click on Location","Binoc",26446.7000000011,166,210,128,202,193,222,1
"294","Image2.PNG",5409261,"Visual Search Click on Location","Mono",10604.6999998093,157,208,128,202,193,222,1
"295","Image2.PNG",4449137,"Visual Search Click on Location","Binoc",7278.30000019073,168,208,128,202,193,222,1
"296","Image2.PNG",4450348,"Visual Search Click on Location","Mono",5752,172,209,128,202,193,222,1
"297","Image2.PNG",4449420,"Visual Search Click on Location","Mono",7449.09999999404,149.232087227414,212.746478873239,128,202,193,222,1
"298","Image2.PNG",4452506,"Visual Search Click on Location","Binoc",17207,159,213,128,202,193,222,1
"299","Image2.PNG",4424285,"Visual Search Click on Location","Binoc",22416.400000006,153,216,128,202,193,222,1
"300","Image2.PNG",5361762,"Visual Search Click on Location","Mono",49538,156,217,128,202,193,222,1
"301","Image3.PNG",4336146,"Visual Search Click on Location","Binoc",6387.19999999553,616,259,575,240,640,260,1
"302","Image3.PNG",4452506,"Visual Search Click on Location","Binoc",8222,608,253,575,240,640,260,1
"303","Image3.PNG",4372219,"Visual Search Click on Location","Binoc",6342.89999999851,605,246,575,240,640,260,1
"304","Image3.PNG",4452039,"Visual Search Click on Location","Mono",6718.10000000009,598,249,575,240,640,260,1
"305","Image3.PNG",5198273,"Visual Search Click on Location","Mono",6465,602,251.109540636042,575,240,640,260,1
"306","Image3.PNG",4450899,"Visual Search Click on Location","Binoc",23348.2000000477,607,255,575,240,640,260,1
"307","Image3.PNG",4333569,"Visual Search Click on Location","Mono",10472,613,251,575,240,640,260,1
"308","Image3.PNG",5409261,"Visual Search Click on Location","Mono",20604,605,250,575,240,640,260,1
"309","Image3.PNG",4460944,"Visual Search Click on Location","Mono",85328.599999994,603,251,575,240,640,260,1
"310","Image3.PNG",4690432,"Visual Search Click on Location","Binoc",10762.1000000015,609,252,575,240,640,260,1
"311","Image3.PNG",4404605,"Visual Search Click on Location","Binoc",9098.59999999963,599,249,575,240,640,260,1
"312","Image3.PNG",4354253,"Visual Search Click on Location","Mono",6035.40000000037,607,249,575,240,640,260,1
"313","Image3.PNG",4460944,"Visual Search Click on Location","Binoc",7148.5,596,253,575,240,640,260,1
"314","Image3.PNG",4449369,"Visual Search Click on Location","Mono",3843.29999995232,615,255,575,240,640,260,1
"315","Image3.PNG",4449369,"Visual Search Click on Location","Binoc",7565.29999995232,606,248,575,240,640,260,1
"316","Image3.PNG",4497128,"Visual Search Click on Location","Binoc",7816.70000000112,604,245,575,240,640,260,1
"317","Image3.PNG",4334877,"Visual Search Click on Location","Binoc",9045.90000009537,599,251,575,240,640,260,1
"318","Image3.PNG",4482002,"Visual Search Click on Location","Mono",9283,611,249,575,240,640,260,1
"319","Image3.PNG",4489139,"Visual Search Click on Location","Binoc",2369.39999997616,599,250,575,240,640,260,1
"320","Image3.PNG",4476704,"Visual Search Click on Location","Mono",22778,609,250,575,240,640,260,1
"321","Image3.PNG",5122499,"Visual Search Click on Location","Mono",2399.69999992847,604,257,575,240,640,260,1
"322","Image3.PNG",4447985,"Visual Search Click on Location","Mono",14183.5,603,247,575,240,640,260,1
"323","Image3.PNG",5550049,"Visual Search Click on Location","Binoc",7487.6,609,251,575,240,640,260,1
"324","Image3.PNG",4476704,"Visual Search Click on Location","Binoc",33891,596,248,575,240,640,260,1
"325","Image3.PNG",4392148,"Visual Search Click on Location","Binoc",20496.5,610,246,575,240,640,260,1
"326","Image3.PNG",5409913,"Visual Search Click on Location","Mono",3814.39999985695,613,250,575,240,640,260,1
"327","Image3.PNG",4491824,"Visual Search Click on Location","Binoc",12422.3000000045,608,253,575,240,640,260,1
"328","Image3.PNG",4497415,"Visual Search Click on Location","Mono",14396.5,616,246,575,240,640,260,1
"329","Image3.PNG",4333569,"Visual Search Click on Location","Binoc",2942.5,601,248,575,240,640,260,1
"330","Image3.PNG",4452506,"Visual Search Click on Location","Mono",4231.00000000001,607,249,575,240,640,260,1
"331","Image3.PNG",4339358,"Visual Search Click on Location","Mono",3042.59999996424,609,245,575,240,640,260,1
"332","Image3.PNG",4448050,"Visual Search Click on Location","Mono",19308,607,242,575,240,640,260,1
"333","Image3.PNG",5410548,"Visual Search Click on Location","Binoc",4732.79999995232,606,246,575,240,640,260,1
"334","Image3.PNG",4449101,"Visual Search Click on Location","Binoc",73253,605,256,575,240,640,260,1
"335","Image3.PNG",4449420,"Visual Search Click on Location","Mono",13228.5,597,249,575,240,640,260,1
"336","Image3.PNG",4475413,"Visual Search Click on Location","Binoc",7910.09999999776,606,251,575,240,640,260,1
"337","Image3.PNG",4445309,"Visual Search Click on Location","Binoc",12422.5,608,257,575,240,640,260,1
"338","Image3.PNG",4491824,"Visual Search Click on Location","Mono",8885.30000000447,538,276,575,240,640,260,0
"339","Image3.PNG",4354253,"Visual Search Click on Location","Binoc",2814.5,609,251,575,240,640,260,1
"340","Image3.PNG",4381159,"Visual Search Click on Location","Mono",5567.15000001714,611,254,575,240,640,260,1
"341","Image3.PNG",4447985,"Visual Search Click on Location","Binoc",14839.1000001431,605,250,575,240,640,260,1
"342","Image3.PNG",4447916,"Visual Search Click on Location","Binoc",27619.9000000004,604,246,575,240,640,260,1
"343","Image3.PNG",4454520,"Visual Search Click on Location","Binoc",2415.09999999963,601.059375,245,575,240,640,260,1
"344","Image3.PNG",4690432,"Visual Search Click on Location","Mono",4065.30000000075,609,248,575,240,640,260,1
"345","Image3.PNG",5389739,"Visual Search Click on Location","Binoc",17616.8000000003,605,252,575,240,640,260,1
"346","Image3.PNG",5123950,"Visual Search Click on Location","Mono",22881.8000000003,612,245,575,240,640,260,1
"347","Image3.PNG",4495599,"Visual Search Click on Location","Binoc",1798.30000001192,602,236,575,240,640,260,0
"348","Image3.PNG",4379880,"Visual Search Click on Location","Binoc",6018,607,245,575,240,640,260,1
"349","Image3.PNG",5207972,"Visual Search Click on Location","Binoc",3857.19999980927,607,251,575,240,640,260,1
"350","Image3.PNG",4424285,"Visual Search Click on Location","Mono",2399.30000001192,610,254,575,240,640,260,1
"351","Image3.PNG",4372219,"Visual Search Click on Location","Mono",16398.8999999985,604,243,575,240,640,260,1
"352","Image3.PNG",5470308,"Visual Search Click on Location","Mono",10180.1999999997,606,249,575,240,640,260,1
"353","Image3.PNG",4443776,"Visual Search Click on Location","Mono",3794,606,246,575,240,640,260,1
"354","Image3.PNG",4333147,"Visual Search Click on Location","Mono",9548.29999995232,600.940438871473,255,575,240,640,260,1
"355","Image3.PNG",4488838,"Visual Search Click on Location","Mono",47791.099999994,606,253,575,240,640,260,1
"356","Image3.PNG",4449717,"Visual Search Click on Location","Binoc",3271.79999999702,608,255,575,240,640,260,1
"357","Image3.PNG",5498486,"Visual Search Click on Location","Mono",2941,621,249,575,240,640,260,1
"358","Image3.PNG",4408537,"Visual Search Click on Location","Binoc",4882.40000009537,619,258,575,240,640,260,1
"359","Image3.PNG",4429865,"Visual Search Click on Location","Binoc",5580.57000022382,598,254,575,240,640,260,1
"360","Image3.PNG",5407126,"Visual Search Click on Location","Binoc",4430,598,245,575,240,640,260,1
"361","Image3.PNG",4494914,"Visual Search Click on Location","Mono",9792.70000000298,605,247,575,240,640,260,1
"362","Image3.PNG",4450348,"Visual Search Click on Location","Binoc",1868.5,590,257,575,240,640,260,1
"363","Image3.PNG",4334401,"Visual Search Click on Location","Mono",4655.89999961853,609,251,575,240,640,260,1
"364","Image3.PNG",4489139,"Visual Search Click on Location","Mono",4062.39999997616,605,256,575,240,640,260,1
"365","Image3.PNG",4332728,"Visual Search Click on Location","Binoc",2181,606,255,575,240,640,260,1
"366","Image3.PNG",4482002,"Visual Search Click on Location","Binoc",13535,612,247,575,240,640,260,1
"367","Image3.PNG",5498486,"Visual Search Click on Location","Binoc",5717,604,256,575,240,640,260,1
"368","Image3.PNG",4449137,"Visual Search Click on Location","Mono",18386.0999999046,626,249,575,240,640,260,1
"369","Image3.PNG",4449101,"Visual Search Click on Location","Mono",5130.40000000596,615,248,575,240,640,260,1
"370","Image3.PNG",5185783,"Visual Search Click on Location","Mono",3718.09999999404,611,248,575,240,640,260,1
"371","Image3.PNG",5123950,"Visual Search Click on Location","Binoc",24581.4000000004,595,249,575,240,640,260,1
"372","Image3.PNG",4495135,"Visual Search Click on Location","Mono",13176.1000003815,607,253,575,240,640,260,1
"373","Image3.PNG",4373538,"Visual Search Click on Location","Mono",17090,608.952978056426,248,575,240,640,260,1
"374","Image3.PNG",4497128,"Visual Search Click on Location","Mono",3475.09999999963,604,256,575,240,640,260,1
"375","Image3.PNG",4848619,"Visual Search Click on Location","Mono",14678,609,250,575,240,640,260,1
"376","Image3.PNG",5388619,"Visual Search Click on Location","Mono",7636,614,248,575,240,640,260,1
"377","Image3.PNG",5409913,"Visual Search Click on Location","Binoc",5295.89999985695,615,252,575,240,640,260,1
"378","Image3.PNG",4450348,"Visual Search Click on Location","Mono",3216.09999990463,601,243,575,240,640,260,1
"379","Image3.PNG",4488838,"Visual Search Click on Location","Binoc",2563.20000000298,623,249,575,240,640,260,1
"380","Image3.PNG",4450899,"Visual Search Click on Location","Mono",5178,597,244,575,240,640,260,1
"381","Image3.PNG",4333590,"Visual Search Click on Location","Binoc",10990.5,604,254,575,240,640,260,1
"382","Image3.PNG",4449420,"Visual Search Click on Location","Binoc",18598.1000000238,605,251,575,240,640,260,1
"383","Image3.PNG",4379880,"Visual Search Click on Location","Mono",4201,615,250,575,240,640,260,1
"384","Image3.PNG",4505777,"Visual Search Click on Location","Binoc",27236.7000000011,605,251,575,240,640,260,1
"385","Image3.PNG",4494914,"Visual Search Click on Location","Binoc",12528.799999997,613,246,575,240,640,260,1
"386","Image3.PNG",5387474,"Visual Search Click on Location","Binoc",10164.0999999996,614,253,575,240,640,260,1
"387","Image3.PNG",4392148,"Visual Search Click on Location","Mono",5558.20000001788,604,253,575,240,640,260,1
"388","Image3.PNG",4333590,"Visual Search Click on Location","Mono",2848.60000000009,613,248,575,240,640,260,1
"389","Image3.PNG",4381159,"Visual Search Click on Location","Binoc",5233.61500003375,605,250,575,240,640,260,1
"390","Image3.PNG",5186811,"Visual Search Click on Location","Mono",10221.1000000238,602,257,575,240,640,260,1
"391","Image3.PNG",5198273,"Visual Search Click on Location","Binoc",6243.5,609,252.106007067138,575,240,640,260,1
"392","Image3.PNG",4472380,"Visual Search Click on Location","Mono",36007.1000000238,618,250,575,240,640,260,1
"393","Image3.PNG",4449574,"Visual Search Click on Location","Binoc",6575.69999980927,607,252,575,240,640,260,1
"394","Image3.PNG",5550049,"Visual Search Click on Location","Mono",4634,604,245,575,240,640,260,1
"395","Image3.PNG",4472380,"Visual Search Click on Location","Binoc",17451.5999999046,614,234,575,240,640,260,0
"396","Image3.PNG",4475413,"Visual Search Click on Location","Mono",5964.90000000224,606,253,575,240,640,260,1
"397","Image3.PNG",4445309,"Visual Search Click on Location","Mono",10481.8000000715,613,251,575,240,640,260,1
"398","Image3.PNG",5193241,"Visual Search Click on Location","Binoc",27970.2000000477,607,254,575,240,640,260,1
"399","Image3.PNG",4373538,"Visual Search Click on Location","Binoc",4049.69999998808,607.951410658307,249,575,240,640,260,1
"400","Image3.PNG",4332728,"Visual Search Click on Location","Mono",3412,613,245,575,240,640,260,1
"401","Image3.PNG",4521037,"Visual Search Click on Location","Mono",30237,609,253,575,240,640,260,1
"402","Image3.PNG",4404605,"Visual Search Click on Location","Mono",11306.7,603,251,575,240,640,260,1
"403","Image3.PNG",5389739,"Visual Search Click on Location","Mono",16941.2,609,252,575,240,640,260,1
"404","Image3.PNG",4449137,"Visual Search Click on Location","Binoc",2958.29999995232,605,249,575,240,640,260,1
"405","Image3.PNG",5410548,"Visual Search Click on Location","Mono",2322.89999997616,609,246,575,240,640,260,1
"406","Image3.PNG",4384320,"Visual Search Click on Location","Binoc",4530.60000002384,593,258,575,240,640,260,1
"407","Image3.PNG",4495599,"Visual Search Click on Location","Mono",15714.6000000089,607,257,575,240,640,260,1
"408","Image3.PNG",4334877,"Visual Search Click on Location","Mono",11870.7000000477,603,246,575,240,640,260,1
"409","Image3.PNG",4336342,"Visual Search Click on Location","Mono",21428,606,253,575,240,640,260,1
"410","Image3.PNG",4449574,"Visual Search Click on Location","Mono",4239.5,609,248,575,240,640,260,1
"411","Image3.PNG",4448050,"Visual Search Click on Location","Binoc",1835,613,239,575,240,640,260,0
"412","Image3.PNG",4336146,"Visual Search Click on Location","Mono",5214.5,604,258,575,240,640,260,1
"413","Image3.PNG",4449717,"Visual Search Click on Location","Mono",5524.30000001192,330,251,575,240,640,260,0
"414","Image3.PNG",4454520,"Visual Search Click on Location","Mono",9475.79999999888,606.0515625,245,575,240,640,260,1
"415","Image3.PNG",5128386,"Visual Search Click on Location","Binoc",1128.79999999702,483,112,575,240,640,260,0
"416","Image3.PNG",4424285,"Visual Search Click on Location","Binoc",3479.29999998212,599,250,575,240,640,260,1
"417","Image3.PNG",4821358,"Visual Search Click on Location","Binoc",4525.80000001192,603,247,575,240,640,260,1
"418","Image3.PNG",5387474,"Visual Search Click on Location","Mono",2052.90000000037,600,254,575,240,640,260,1
"419","Image3.PNG",4333147,"Visual Search Click on Location","Binoc",6960.79999995232,597.935736677116,244,575,240,640,260,1
"420","Image3.PNG",4505777,"Visual Search Click on Location","Mono",5430.59999999963,604,241,575,240,640,260,1
"421","Image3.PNG",5409261,"Visual Search Click on Location","Binoc",8289.40000000002,612,250,575,240,640,260,1
"422","Image3.PNG",5388619,"Visual Search Click on Location","Binoc",8957,587,258,575,240,640,260,1
"423","Image3.PNG",5063232,"Visual Search Click on Location","Mono",27102.2000000002,603,246,575,240,640,260,1
"424","Image3.PNG",4447916,"Visual Search Click on Location","Mono",21373.7000000002,608,251,575,240,640,260,1
"425","Image3.PNG",4384320,"Visual Search Click on Location","Mono",12682.1999999285,614,250,575,240,640,260,1
"426","Image3.PNG",4334401,"Visual Search Click on Location","Binoc",4222.30000019073,603,253,575,240,640,260,1
"427","Image3.PNG",5193241,"Visual Search Click on Location","Mono",13985.6999999285,609,251,575,240,640,260,1
"428","Image3.PNG",4469128,"Visual Search Click on Location","Binoc",6074.89999999234,606,250,575,240,640,260,1
"429","Image3.PNG",4821358,"Visual Search Click on Location","Mono",5707.69999998808,615,248,575,240,640,260,1
"430","Image3.PNG",5407126,"Visual Search Click on Location","Mono",7815,581,250,575,240,640,260,1
"431","Image3.PNG",4497415,"Visual Search Click on Location","Binoc",9693.30000000028,606,259,575,240,640,260,1
"432","Image3.PNG",4469128,"Visual Search Click on Location","Mono",48366.8249999901,614,250,575,240,640,260,1
"433","Image3.PNG",5207972,"Visual Search Click on Location","Mono",4892.09999990463,605,249,575,240,640,260,1
"434","Image3.PNG",4408537,"Visual Search Click on Location","Mono",4175.10000014305,588,257,575,240,640,260,1
"435","Image3.PNG",4848619,"Visual Search Click on Location","Binoc",14764,606,250,575,240,640,260,1
"436","Image3.PNG",4521037,"Visual Search Click on Location","Binoc",6045.70000004768,607,254,575,240,640,260,1
"437","Image3.PNG",5063232,"Visual Search Click on Location","Binoc",7729.39999999991,598,246,575,240,640,260,1
"438","Image3.PNG",4429865,"Visual Search Click on Location","Mono",8372.77999985963,604,258,575,240,640,260,1
"439","Image3.PNG",5186811,"Visual Search Click on Location","Binoc",3697.5,618,254,575,240,640,260,1
"440","Image3.PNG",4339358,"Visual Search Click on Location","Binoc",15048.3000000119,612,255,575,240,640,260,1
"441","Image3.PNG",5361762,"Visual Search Click on Location","Mono",10680,609,251,575,240,640,260,1
"442","Image3.PNG",5185783,"Visual Search Click on Location","Binoc",3061.40000000596,603,257,575,240,640,260,1
"443","Image3.PNG",4452039,"Visual Search Click on Location","Binoc",24106.1000000001,603,255,575,240,640,260,1
"444","Image3.PNG",5470308,"Visual Search Click on Location","Binoc",3367,604,252,575,240,640,260,1
"445","Image3.PNG",5361762,"Visual Search Click on Location","Binoc",19068,601,254,575,240,640,260,1
"446","Image3.PNG",5122499,"Visual Search Click on Location","Binoc",1669,599,253,575,240,640,260,1
"447","Image3.PNG",4443776,"Visual Search Click on Location","Binoc",3105,616,248,575,240,640,260,1
"448","Image3.PNG",5128386,"Visual Search Click on Location","Mono",6960.70000000298,592,255,575,240,640,260,1
"449","Image3.PNG",4495135,"Visual Search Click on Location","Binoc",7012.80000019073,610,247,575,240,640,260,1
"450","Image3.PNG",4336342,"Visual Search Click on Location","Binoc",2795,603,252,575,240,640,260,1
"451","Image4.PNG",4445309,"Visual Search Click on Location","Binoc",6082.70000004768,484,89,448,80,513,100,1
"452","Image4.PNG",4336146,"Visual Search Click on Location","Binoc",1821.59999999404,461,89,448,80,513,100,1
"453","Image4.PNG",4379880,"Visual Search Click on Location","Binoc",12693,423,76,448,80,513,100,0
"454","Image4.PNG",4497128,"Visual Search Click on Location","Mono",12428,474,88,448,80,513,100,1
"455","Image4.PNG",4448050,"Visual Search Click on Location","Mono",10930,485,82,448,80,513,100,1
"456","Image4.PNG",4494914,"Visual Search Click on Location","Mono",66558.599999994,469,91,448,80,513,100,1
"457","Image4.PNG",4447985,"Visual Search Click on Location","Binoc",5782,465.727699530516,92,448,80,513,100,1
"458","Image4.PNG",4354253,"Visual Search Click on Location","Mono",6186.69999999925,481,90,448,80,513,100,1
"459","Image4.PNG",5407126,"Visual Search Click on Location","Mono",1757,472,82,448,80,513,100,1
"460","Image4.PNG",5185783,"Visual Search Click on Location","Mono",1439.19999998808,483,88,448,80,513,100,1
"461","Image4.PNG",4333590,"Visual Search Click on Location","Mono",5144.19999999995,480,92.6702127659574,448,80,513,100,1
"462","Image4.PNG",4333590,"Visual Search Click on Location","Binoc",15186.6000000001,485,86.6914893617021,448,80,513,100,1
"463","Image4.PNG",4452506,"Visual Search Click on Location","Binoc",2798,476,89,448,80,513,100,1
"464","Image4.PNG",5388619,"Visual Search Click on Location","Mono",6416,477,91,448,80,513,100,1
"465","Image4.PNG",4333147,"Visual Search Click on Location","Binoc",6431.90000009537,483,87,448,80,513,100,1
"466","Image4.PNG",4379880,"Visual Search Click on Location","Mono",2638,479,89,448,80,513,100,1
"467","Image4.PNG",5410548,"Visual Search Click on Location","Binoc",5799.39999997616,487,92,448,80,513,100,1
"468","Image4.PNG",5207972,"Visual Search Click on Location","Mono",21654.7000002861,481,88,448,80,513,100,1
"469","Image4.PNG",4372219,"Visual Search Click on Location","Binoc",1640.60000000149,480,92,448,80,513,100,1
"470","Image4.PNG",5207972,"Visual Search Click on Location","Binoc",9183.40000009537,480,95,448,80,513,100,1
"471","Image4.PNG",5407126,"Visual Search Click on Location","Binoc",11738,465,84,448,80,513,100,1
"472","Image4.PNG",4449420,"Visual Search Click on Location","Mono",4706,498,83,448,80,513,100,1
"473","Image4.PNG",4429865,"Visual Search Click on Location","Binoc",3281.66499966756,481,97,448,80,513,100,1
"474","Image4.PNG",5361762,"Visual Search Click on Location","Mono",56976,476,90,448,80,513,100,1
"475","Image4.PNG",4429865,"Visual Search Click on Location","Mono",2701.52000011876,479,90,448,80,513,100,1
"476","Image4.PNG",4333569,"Visual Search Click on Location","Binoc",9787.5,486,87,448,80,513,100,1
"477","Image4.PNG",4408537,"Visual Search Click on Location","Binoc",8286.40000009537,476,91,448,80,513,100,1
"478","Image4.PNG",4332728,"Visual Search Click on Location","Mono",4080,481,90,448,80,513,100,1
"479","Image4.PNG",4445309,"Visual Search Click on Location","Mono",35171.3999999762,463,85,448,80,513,100,1
"480","Image4.PNG",4848619,"Visual Search Click on Location","Mono",19573,482,88,448,80,513,100,1
"481","Image4.PNG",4392148,"Visual Search Click on Location","Mono",3071.59999999404,477,89,448,80,513,100,1
"482","Image4.PNG",4495135,"Visual Search Click on Location","Binoc",3685.39999961853,480,85,448,80,513,100,1
"483","Image4.PNG",4476704,"Visual Search Click on Location","Binoc",23020,486,92,448,80,513,100,1
"484","Image4.PNG",5389739,"Visual Search Click on Location","Mono",8429.90000000014,481,92,448,80,513,100,1
"485","Image4.PNG",5122499,"Visual Search Click on Location","Mono",11306.3000000715,483,93,448,80,513,100,1
"486","Image4.PNG",4505777,"Visual Search Click on Location","Mono",10577.2000000011,98,211,448,80,513,100,0
"487","Image4.PNG",4450899,"Visual Search Click on Location","Mono",12067.3999998569,481,89,448,80,513,100,1
"488","Image4.PNG",4449137,"Visual Search Click on Location","Mono",5799.80000019073,489,90,448,80,513,100,1
"489","Image4.PNG",4404605,"Visual Search Click on Location","Binoc",4380.39999999991,463,93,448,80,513,100,1
"490","Image4.PNG",4336146,"Visual Search Click on Location","Mono",1225.20000000298,476,95,448,80,513,100,1
"491","Image4.PNG",4449574,"Visual Search Click on Location","Mono",10396.2999997139,471,91,448,80,513,100,1
"492","Image4.PNG",4495135,"Visual Search Click on Location","Mono",6062.80000019073,483,93,448,80,513,100,1
"493","Image4.PNG",4447916,"Visual Search Click on Location","Mono",11629.1999999997,479,91,448,80,513,100,1
"494","Image4.PNG",4381159,"Visual Search Click on Location","Binoc",6187.86499998532,483,87,448,80,513,100,1
"495","Image4.PNG",4690432,"Visual Search Click on Location","Binoc",2131.19999999925,475,91,448,80,513,100,1
"496","Image4.PNG",5409913,"Visual Search Click on Location","Binoc",4017,485,90,448,80,513,100,1
"497","Image4.PNG",4449717,"Visual Search Click on Location","Mono",6678.30000001192,93,272,448,80,513,100,0
"498","Image4.PNG",4332728,"Visual Search Click on Location","Binoc",3647,484,93,448,80,513,100,1
"499","Image4.PNG",4408537,"Visual Search Click on Location","Mono",16406.2999999523,486,84,448,80,513,100,1
"500","Image4.PNG",4449420,"Visual Search Click on Location","Binoc",27491.7000000179,485,86,448,80,513,100,1
"501","Image4.PNG",5388619,"Visual Search Click on Location","Binoc",3323,472,94,448,80,513,100,1
"502","Image4.PNG",4447916,"Visual Search Click on Location","Binoc",26581.0000000005,476,92,448,80,513,100,1
"503","Image4.PNG",4354253,"Visual Search Click on Location","Binoc",1507.79999999888,483,87,448,80,513,100,1
"504","Image4.PNG",4690432,"Visual Search Click on Location","Mono",2604.30000000075,481,92,448,80,513,100,1
"505","Image4.PNG",5387474,"Visual Search Click on Location","Binoc",2958.90000000037,479,89,448,80,513,100,1
"506","Image4.PNG",4505777,"Visual Search Click on Location","Binoc",9527.5,484,94,448,80,513,100,1
"507","Image4.PNG",4404605,"Visual Search Click on Location","Mono",6084.30000000005,491,95,448,80,513,100,1
"508","Image4.PNG",4424285,"Visual Search Click on Location","Binoc",6759.30000001192,458,95,448,80,513,100,1
"509","Image4.PNG",4449137,"Visual Search Click on Location","Binoc",1772.70000004768,483,88,448,80,513,100,1
"510","Image4.PNG",4424285,"Visual Search Click on Location","Mono",9833,476,90,448,80,513,100,1
"511","Image4.PNG",4384320,"Visual Search Click on Location","Binoc",4041.89999997616,503,90,448,80,513,100,1
"512","Image4.PNG",5550049,"Visual Search Click on Location","Binoc",17821.9,478,89,448,80,513,100,1
"513","Image4.PNG",4848619,"Visual Search Click on Location","Binoc",8313.00000000001,480,93,448,80,513,100,1
"514","Image4.PNG",4449574,"Visual Search Click on Location","Binoc",4795.19999980927,472,90,448,80,513,100,1
"515","Image4.PNG",4475413,"Visual Search Click on Location","Mono",17663.8999999985,476,91,448,80,513,100,1
"516","Image4.PNG",4392148,"Visual Search Click on Location","Binoc",6498.09999999404,477,96,448,80,513,100,1
"517","Image4.PNG",5550049,"Visual Search Click on Location","Mono",13296.4,481,89,448,80,513,100,1
"518","Image4.PNG",4472380,"Visual Search Click on Location","Binoc",18992.8999999762,475,93,448,80,513,100,1
"519","Image4.PNG",4488838,"Visual Search Click on Location","Mono",2342,476,95,448,80,513,100,1
"520","Image4.PNG",4449717,"Visual Search Click on Location","Binoc",14742.8999999911,481,91,448,80,513,100,1
"521","Image4.PNG",4454520,"Visual Search Click on Location","Mono",20662,614.040561622465,27,448,80,513,100,0
"522","Image4.PNG",4482002,"Visual Search Click on Location","Mono",5781,482,88,448,80,513,100,1
"523","Image4.PNG",4489139,"Visual Search Click on Location","Mono",3694.60000002384,478,89,448,80,513,100,1
"524","Image4.PNG",5410548,"Visual Search Click on Location","Mono",8262.80000007153,480,89,448,80,513,100,1
"525","Image4.PNG",4452039,"Visual Search Click on Location","Binoc",4587.80000000028,471,88,448,80,513,100,1
"526","Image4.PNG",4333569,"Visual Search Click on Location","Mono",10485,484,96,448,80,513,100,1
"527","Image4.PNG",5498486,"Visual Search Click on Location","Binoc",5020,476,86,448,80,513,100,1
"528","Image4.PNG",5409913,"Visual Search Click on Location","Mono",6332.70000004768,488,90,448,80,513,100,1
"529","Image4.PNG",4495599,"Visual Search Click on Location","Mono",26147.900000006,365,70,448,80,513,100,0
"530","Image4.PNG",4334877,"Visual Search Click on Location","Mono",14839.8999999762,468,96,448,80,513,100,1
"531","Image4.PNG",4497415,"Visual Search Click on Location","Mono",8434.40000000037,493,91,448,80,513,100,1
"532","Image4.PNG",4454520,"Visual Search Click on Location","Binoc",15124.0999999996,488.237129485179,93,448,80,513,100,1
"533","Image4.PNG",4334877,"Visual Search Click on Location","Binoc",6229.80000007153,473,89,448,80,513,100,1
"534","Image4.PNG",5498486,"Visual Search Click on Location","Mono",2417,486,90,448,80,513,100,1
"535","Image4.PNG",4449101,"Visual Search Click on Location","Binoc",26808.7000000179,481,92,448,80,513,100,1
"536","Image4.PNG",4469128,"Visual Search Click on Location","Binoc",20630.1650000096,475,93,448,80,513,100,1
"537","Image4.PNG",4521037,"Visual Search Click on Location","Mono",4164.5,484,90.677304964539,448,80,513,100,1
"538","Image4.PNG",4821358,"Visual Search Click on Location","Mono",27923.3999999762,479,93,448,80,513,100,1
"539","Image4.PNG",4449369,"Visual Search Click on Location","Binoc",5111.79999995232,477,93,448,80,513,100,1
"540","Image4.PNG",4475413,"Visual Search Click on Location","Binoc",78904.5999999978,482,90,448,80,513,100,1
"541","Image4.PNG",4450348,"Visual Search Click on Location","Mono",3804.90000009537,501,88,448,80,513,100,1
"542","Image4.PNG",5387474,"Visual Search Click on Location","Mono",4707.20000000112,493,92,448,80,513,100,1
"543","Image4.PNG",4452039,"Visual Search Click on Location","Mono",21486.3,473,87,448,80,513,100,1
"544","Image4.PNG",4488838,"Visual Search Click on Location","Binoc",1989.40000000596,469,92,448,80,513,100,1
"545","Image4.PNG",5063232,"Visual Search Click on Location","Mono",20358.5,474,89.6808510638298,448,80,513,100,1
"546","Image4.PNG",4448050,"Visual Search Click on Location","Binoc",2339,465,84,448,80,513,100,1
"547","Image4.PNG",4494914,"Visual Search Click on Location","Binoc",22022.5,474,90,448,80,513,100,1
"548","Image4.PNG",4450899,"Visual Search Click on Location","Binoc",15643.1999998093,487,91,448,80,513,100,1
"549","Image4.PNG",5198273,"Visual Search Click on Location","Mono",33037.099999994,489,91,448,80,513,100,1
"550","Image4.PNG",4495599,"Visual Search Click on Location","Binoc",7659.30000001192,471,89,448,80,513,100,1
"551","Image4.PNG",4469128,"Visual Search Click on Location","Mono",8202.65999999538,477,87,448,80,513,100,1
"552","Image4.PNG",4460944,"Visual Search Click on Location","Binoc",2461,486,91,448,80,513,100,1
"553","Image4.PNG",5128386,"Visual Search Click on Location","Mono",2965.60000000149,481,88,448,80,513,100,1
"554","Image4.PNG",5186811,"Visual Search Click on Location","Mono",3311.40000000596,483,83,448,80,513,100,1
"555","Image4.PNG",4497415,"Visual Search Click on Location","Binoc",5196,467,93,448,80,513,100,1
"556","Image4.PNG",5470308,"Visual Search Click on Location","Mono",14145.5,479,89,448,80,513,100,1
"557","Image4.PNG",4333147,"Visual Search Click on Location","Mono",9379,482,88,448,80,513,100,1
"558","Image4.PNG",5186811,"Visual Search Click on Location","Binoc",17877.6999999881,487,88,448,80,513,100,1
"559","Image4.PNG",5409261,"Visual Search Click on Location","Mono",20757.0999999046,479,89,448,80,513,100,1
"560","Image4.PNG",4521037,"Visual Search Click on Location","Binoc",20449.2000000477,483,92.6702127659574,448,80,513,100,1
"561","Image4.PNG",4821358,"Visual Search Click on Location","Binoc",9745.79999998212,489,92,448,80,513,100,1
"562","Image4.PNG",4450348,"Visual Search Click on Location","Binoc",4383.09999990463,484,96,448,80,513,100,1
"563","Image4.PNG",4334401,"Visual Search Click on Location","Mono",2279.2999997139,33,10,448,80,513,100,0
"564","Image4.PNG",4447985,"Visual Search Click on Location","Mono",42361.1000001431,470.735524256651,87,448,80,513,100,1
"565","Image4.PNG",5063232,"Visual Search Click on Location","Binoc",6200.39999999991,482,86.6914893617021,448,80,513,100,1
"566","Image4.PNG",4482002,"Visual Search Click on Location","Binoc",24317,480,86,448,80,513,100,1
"567","Image4.PNG",4491824,"Visual Search Click on Location","Mono",4820.5,482,278,448,80,513,100,0
"568","Image4.PNG",4336342,"Visual Search Click on Location","Mono",1559,486,83,448,80,513,100,1
"569","Image4.PNG",5123950,"Visual Search Click on Location","Binoc",30720.5,483,86,448,80,513,100,1
"570","Image4.PNG",4449101,"Visual Search Click on Location","Mono",2173,488,93,448,80,513,100,1
"571","Image4.PNG",4489139,"Visual Search Click on Location","Binoc",2260.10000002384,487,93,448,80,513,100,1
"572","Image4.PNG",4339358,"Visual Search Click on Location","Mono",2220.39999997616,479,89,448,80,513,100,1
"573","Image4.PNG",5128386,"Visual Search Click on Location","Binoc",19276.6000000015,474,100,448,80,513,100,1
"574","Image4.PNG",4491824,"Visual Search Click on Location","Binoc",14731.299999997,31,262,448,80,513,100,0
"575","Image4.PNG",4449369,"Visual Search Click on Location","Mono",58347.2000000477,480,87,448,80,513,100,1
"576","Image4.PNG",4373538,"Visual Search Click on Location","Mono",3615.70000004768,476,87,448,80,513,100,1
"577","Image4.PNG",5193241,"Visual Search Click on Location","Mono",11845.2999999523,475,90,448,80,513,100,1
"578","Image4.PNG",5470308,"Visual Search Click on Location","Binoc",4903.5,478,87,448,80,513,100,1
"579","Image4.PNG",4443776,"Visual Search Click on Location","Binoc",3975.30000019073,496,84,448,80,513,100,1
"580","Image4.PNG",4381159,"Visual Search Click on Location","Mono",7014.94500006083,486,93,448,80,513,100,1
"581","Image4.PNG",4372219,"Visual Search Click on Location","Mono",4749,485,86,448,80,513,100,1
"582","Image4.PNG",4497128,"Visual Search Click on Location","Binoc",20712.5999999996,466,88,448,80,513,100,1
"583","Image4.PNG",5409261,"Visual Search Click on Location","Binoc",4677.10000000009,479,93,448,80,513,100,1
"584","Image4.PNG",4384320,"Visual Search Click on Location","Mono",33444.2000000477,483,93,448,80,513,100,1
"585","Image4.PNG",4452506,"Visual Search Click on Location","Mono",50171,480,89,448,80,513,100,1
"586","Image4.PNG",5123950,"Visual Search Click on Location","Mono",45980,483,92,448,80,513,100,1
"587","Image4.PNG",4334401,"Visual Search Click on Location","Binoc",6009.59999990463,481,93,448,80,513,100,1
"588","Image4.PNG",5389739,"Visual Search Click on Location","Binoc",13984.5,480,91,448,80,513,100,1
"589","Image4.PNG",4460944,"Visual Search Click on Location","Mono",12449.2999999821,488,87,448,80,513,100,1
"590","Image4.PNG",5361762,"Visual Search Click on Location","Binoc",16475,471,86,448,80,513,100,1
"591","Image4.PNG",4336342,"Visual Search Click on Location","Binoc",1415,482,93,448,80,513,100,1
"592","Image4.PNG",5198273,"Visual Search Click on Location","Binoc",5294.20000000298,480,89,448,80,513,100,1
"593","Image4.PNG",4472380,"Visual Search Click on Location","Mono",30183.0999999046,483,91,448,80,513,100,1
"594","Image4.PNG",4339358,"Visual Search Click on Location","Binoc",10129.2000000477,489,93,448,80,513,100,1
"595","Image4.PNG",5185783,"Visual Search Click on Location","Binoc",1486.70000001788,480,89,448,80,513,100,1
"596","Image4.PNG",4443776,"Visual Search Click on Location","Mono",4969,479,89,448,80,513,100,1
"597","Image4.PNG",5193241,"Visual Search Click on Location","Binoc",17813.6999999285,474,91,448,80,513,100,1
"598","Image4.PNG",4476704,"Visual Search Click on Location","Mono",18832,469,89,448,80,513,100,1
"599","Image4.PNG",4373538,"Visual Search Click on Location","Binoc",4960.10000002384,475,90,448,80,513,100,1
"600","Image4.PNG",5122499,"Visual Search Click on Location","Binoc",14151.1999999285,488,97,448,80,513,100,1
