Event Index,UTC Timestamp,UTC Date and Time,Local Timestamp,Local Timezone,Local Date and Time,Experiment ID,Experiment Version,Tree Node Key,Repeat Key,Schedule ID,Participant Public ID,Participant Private ID,Participant Starting Group,Participant Status,Participant Completion Code,Participant External Session ID,Participant Device Type,Participant Device,Participant OS,Participant Browser,Participant Monitor Size,Participant Viewport Size,Checkpoint,Task Name,Task Version,randomiser-qd1r,branch-4d91,branch-6e1m,branch-6mdr,branch-751i,branch-lwwt,branch-7gxz,branch-bbdp,branch-qi5c,Spreadsheet,Spreadsheet Name,Spreadsheet Row,Trial Number,Screen Number,Screen Name,Zone Name,Zone Type,Reaction Time,Reaction Onset,Response Type,Response,Attempt,Correct,Incorrect,Dishonest,X Coordinate,Y Coordinate,Timed Out,randomise_blocks,randomise_trials,display,ANSWER
1,1641066096079,01/01/2022 19:41:36,1641066155228,0,01/01/2022 19:42:35,53563,21,task-ptdz,,18257096,BLIND,5409261,,complete,,,computer,Desktop or Laptop,Windows 10,Chrome 96.0.4664.45,1366x768,1366x657,,Eye dominance,4,oneFirst,,,,,157,Right,157,Right,Spreadsheet1,,,BEGIN TASK,,,,,,,,,,0,1,0,,,,,,,
2,1641066099080,01/01/2022 19:41:39,1641066158373,0,01/01/2022 19:42:38,53563,21,task-ptdz,,18257096,BLIND,5409261,,complete,,,computer,Desktop or Laptop,Windows 10,Chrome 96.0.4664.45,1366x768,1366x657,,Eye dominance,4,oneFirst,,,,,157,Right,157,Right,Spreadsheet1,Spreadsheet1,1,1,1,Screen 1,advancementZone,continue_button,2641.7000002861023,,,,,0,1,0,,,,,,intro,
3,1641066103016,01/01/2022 19:41:43,1641066162210,0,01/01/2022 19:42:42,53563,21,task-ptdz,,18257096,BLIND,5409261,,complete,,,computer,Desktop or Laptop,Windows 10,Chrome 96.0.4664.45,1366x768,1366x657,,Eye dominance,4,oneFirst,,,,,157,Right,157,Right,Spreadsheet1,Spreadsheet1,2,1,1,Screen 1,Zone2,continue_button,1522.5999999046326,,,,,0,1,0,,,,,,video,
4,1641066104770,01/01/2022 19:41:44,1641066164054,0,01/01/2022 19:42:44,53563,21,task-ptdz,,18257096,BLIND,5409261,,complete,,,computer,Desktop or Laptop,Windows 10,Chrome 96.0.4664.45,1366x768,1366x657,,Eye dominance,4,oneFirst,,,,,157,Right,157,Right,Spreadsheet1,Spreadsheet1,3,1,1,Screen 1,advancementZone,continue_button,1801.6000003814697,,,,,0,1,0,,,,,,instructions,
5,1641066105874,01/01/2022 19:41:45,1641066165194,0,01/01/2022 19:42:45,53563,21,task-ptdz,,18257096,BLIND,5409261,,complete,,,computer,Desktop or Laptop,Windows 10,Chrome 96.0.4664.45,1366x768,1366x657,,Eye dominance,4,oneFirst,,,,,157,Right,157,Right,Spreadsheet1,Spreadsheet1,4,1,1,Screen 1,buttonB,response_button_text,1091.4000000953674,,,Right,1,0,1,0,,,,,,response,
6,1641066105982,01/01/2022 19:41:45,1641066165209,0,01/01/2022 19:42:45,53563,21,task-ptdz,,18257096,BLIND,5409261,,complete,,,computer,Desktop or Laptop,Windows 10,Chrome 96.0.4664.45,1366x768,1366x657,,Eye dominance,4,oneFirst,,,,,157,Right,157,Right,Spreadsheet1,,,END TASK,,,,,9981,,,,,0,1,0,,,,,,,
1,1642799055343,21/01/2022 21:04:15,1642797975458,0,21/01/2022 20:46:15,53563,21,task-ptdz,,18744488,BLIND,5550049,,complete,,,computer,Desktop or Laptop,Windows 10,Edge 17.17134,1422x800,1422x692,,Eye dominance,4,bothFirst,157,Right,157,Right,,,,,Spreadsheet1,,,BEGIN TASK,,,,,,,,,,0,1,0,,,,,,,
2,1642799064770,21/01/2022 21:04:24,1642797984927,0,21/01/2022 20:46:24,53563,21,task-ptdz,,18744488,BLIND,5550049,,complete,,,computer,Desktop or Laptop,Windows 10,Edge 17.17134,1422x800,1422x692,,Eye dominance,4,bothFirst,157,Right,157,Right,,,,,Spreadsheet1,Spreadsheet1,1,1,1,Screen 1,advancementZone,continue_button,8453.7,,,,,0,1,0,,,,,,intro,
3,1642799069799,21/01/2022 21:04:29,1642797989971,0,21/01/2022 20:46:29,53563,21,task-ptdz,,18744488,BLIND,5550049,,complete,,,computer,Desktop or Laptop,Windows 10,Edge 17.17134,1422x800,1422x692,,Eye dominance,4,bothFirst,157,Right,157,Right,,,,,Spreadsheet1,Spreadsheet1,2,1,1,Screen 1,Zone1,content_embedded_youtube_api,,,,ERROR: The YouTube video took too long to load or the play command was blocked,1,0,1,0,,,,,,video,
4,1642799079903,21/01/2022 21:04:39,1642798000084,0,21/01/2022 20:46:40,53563,21,task-ptdz,,18744488,BLIND,5550049,,complete,,,computer,Desktop or Laptop,Windows 10,Edge 17.17134,1422x800,1422x692,,Eye dominance,4,bothFirst,157,Right,157,Right,,,,,Spreadsheet1,Spreadsheet1,2,1,1,Screen 1,Zone1,content_embedded_youtube_api,,,,ERROR: The YouTube video took too long to load or the play command was blocked,2,0,1,0,,,,,,video,
5,1642799094010,21/01/2022 21:04:54,1642798014198,0,21/01/2022 20:46:54,53563,21,task-ptdz,,18744488,BLIND,5550049,,complete,,,computer,Desktop or Laptop,Windows 10,Edge 17.17134,1422x800,1422x692,,Eye dominance,4,bothFirst,157,Right,157,Right,,,,,Spreadsheet1,Spreadsheet1,2,1,1,Screen 1,Zone1,content_embedded_youtube_api,,,,"ERROR: After 3 attempts, the youtube video still failed to play",3,0,1,0,,,,,,video,
6,1642799163292,21/01/2022 21:06:03,1642798083334,0,21/01/2022 20:48:03,53563,21,task-ptdz,,18744488,BLIND,5550049,,complete,,,computer,Desktop or Laptop,Windows 10,Edge 17.17134,1422x800,1422x692,,Eye dominance,4,bothFirst,157,Right,157,Right,,,,,Spreadsheet1,Spreadsheet1,2,1,1,Screen 1,Zone2,continue_button,98278.9,,,,,0,1,0,,,,,,video,
7,1642799256163,21/01/2022 21:07:36,1642798176240,0,21/01/2022 20:49:36,53563,21,task-ptdz,,18744488,BLIND,5550049,,complete,,,computer,Desktop or Laptop,Windows 10,Edge 17.17134,1422x800,1422x692,,Eye dominance,4,bothFirst,157,Right,157,Right,,,,,Spreadsheet1,Spreadsheet1,3,1,1,Screen 1,advancementZone,continue_button,92871.70000000001,,,,,0,1,0,,,,,,instructions,
8,1642799260185,21/01/2022 21:07:40,1642798180368,0,21/01/2022 20:49:40,53563,21,task-ptdz,,18744488,BLIND,5550049,,complete,,,computer,Desktop or Laptop,Windows 10,Edge 17.17134,1422x800,1422x692,,Eye dominance,4,bothFirst,157,Right,157,Right,,,,,Spreadsheet1,Spreadsheet1,4,1,1,Screen 1,buttonB,response_button_text,4001.3000000000175,,,Right,1,0,1,0,,,,,,response,
9,1642799260246,21/01/2022 21:07:40,1642798180373,0,21/01/2022 20:49:40,53563,21,task-ptdz,,18744488,BLIND,5550049,,complete,,,computer,Desktop or Laptop,Windows 10,Edge 17.17134,1422x800,1422x692,,Eye dominance,4,bothFirst,157,Right,157,Right,,,,,Spreadsheet1,,,END TASK,,,,,204915,,,,,0,1,0,,,,,,,
1,1642444923260,17/01/2022 18:42:03,1642444923130,0,17/01/2022 18:42:03,53563,21,task-ptdz,,18575062,BLIND,5498486,,complete,,,computer,Desktop or Laptop,Mac OS 10.15.6,Safari 14.0.3,1440x900,1440x711,,Eye dominance,4,bothFirst,163,Right,163,Right,,,,,Spreadsheet1,,,BEGIN TASK,,,,,,,,,,0,1,0,,,,,,,
2,1642444927207,17/01/2022 18:42:07,1642444926978,0,17/01/2022 18:42:06,53563,21,task-ptdz,,18575062,BLIND,5498486,,complete,,,computer,Desktop or Laptop,Mac OS 10.15.6,Safari 14.0.3,1440x900,1440x711,,Eye dominance,4,bothFirst,163,Right,163,Right,,,,,Spreadsheet1,Spreadsheet1,1,1,1,Screen 1,advancementZone,continue_button,3788,,,,,0,1,0,,,,,,intro,
3,1642444963155,17/01/2022 18:42:43,1642444963073,0,17/01/2022 18:42:43,53563,21,task-ptdz,,18575062,BLIND,5498486,,complete,,,computer,Desktop or Laptop,Mac OS 10.15.6,Safari 14.0.3,1440x900,1440x711,,Eye dominance,4,bothFirst,163,Right,163,Right,,,,,Spreadsheet1,Spreadsheet1,2,1,1,Screen 1,Zone2,continue_button,36073,,,,,0,1,0,,,,,,video,
4,1642444973980,17/01/2022 18:42:53,1642444973893,0,17/01/2022 18:42:53,53563,21,task-ptdz,,18575062,BLIND,5498486,,complete,,,computer,Desktop or Laptop,Mac OS 10.15.6,Safari 14.0.3,1440x900,1440x711,,Eye dominance,4,bothFirst,163,Right,163,Right,,,,,Spreadsheet1,Spreadsheet1,3,1,1,Screen 1,advancementZone,continue_button,10809,,,,,0,1,0,,,,,,instructions,
5,1642444976346,17/01/2022 18:42:56,1642444976271,0,17/01/2022 18:42:56,53563,21,task-ptdz,,18575062,BLIND,5498486,,complete,,,computer,Desktop or Laptop,Mac OS 10.15.6,Safari 14.0.3,1440x900,1440x711,,Eye dominance,4,bothFirst,163,Right,163,Right,,,,,Spreadsheet1,Spreadsheet1,4,1,1,Screen 1,buttonA,response_button_text,2341,,,Left,1,0,1,0,,,,,,response,
6,1642444976433,17/01/2022 18:42:56,1642444976274,0,17/01/2022 18:42:56,53563,21,task-ptdz,,18575062,BLIND,5498486,,complete,,,computer,Desktop or Laptop,Mac OS 10.15.6,Safari 14.0.3,1440x900,1440x711,,Eye dominance,4,bothFirst,163,Right,163,Right,,,,,Spreadsheet1,,,END TASK,,,,,53144,,,,,0,1,0,,,,,,,
1,1642074285058,13/01/2022 11:44:45,1642074284456,0,13/01/2022 11:44:44,53563,21,task-ptdz,,18488478,BLIND,5470308,,complete,,,computer,Desktop or Laptop,Windows 10,Edge 97.0.1072.55,1280x720,1280x569,,Eye dominance,4,oneFirst,,,,,163,Right,163,Right,Spreadsheet1,,,BEGIN TASK,,,,,,,,,,0,1,0,,,,,,,
2,1642074289959,13/01/2022 11:44:49,1642074289404,0,13/01/2022 11:44:49,53563,21,task-ptdz,,18488478,BLIND,5470308,,complete,,,computer,Desktop or Laptop,Windows 10,Edge 97.0.1072.55,1280x720,1280x569,,Eye dominance,4,oneFirst,,,,,163,Right,163,Right,Spreadsheet1,Spreadsheet1,1,1,1,Screen 1,advancementZone,continue_button,4886.700000000186,,,,,0,1,0,,,,,,intro,
3,1642074366367,13/01/2022 11:46:06,1642074365799,0,13/01/2022 11:46:05,53563,21,task-ptdz,,18488478,BLIND,5470308,,complete,,,computer,Desktop or Laptop,Windows 10,Edge 97.0.1072.55,1280x720,1280x569,,Eye dominance,4,oneFirst,,,,,163,Right,163,Right,Spreadsheet1,Spreadsheet1,2,1,1,Screen 1,Zone2,continue_button,76370.80000000005,,,,,0,1,0,,,,,,video,
4,1642074394623,13/01/2022 11:46:34,1642074394051,0,13/01/2022 11:46:34,53563,21,task-ptdz,,18488478,BLIND,5470308,,complete,,,computer,Desktop or Laptop,Windows 10,Edge 97.0.1072.55,1280x720,1280x569,,Eye dominance,4,oneFirst,,,,,163,Right,163,Right,Spreadsheet1,Spreadsheet1,3,1,1,Screen 1,advancementZone,continue_button,28232.600000000093,,,,,0,1,0,,,,,,instructions,
5,1642074397498,13/01/2022 11:46:37,1642074396952,0,13/01/2022 11:46:36,53563,21,task-ptdz,,18488478,BLIND,5470308,,complete,,,computer,Desktop or Laptop,Windows 10,Edge 97.0.1072.55,1280x720,1280x569,,Eye dominance,4,oneFirst,,,,,163,Right,163,Right,Spreadsheet1,Spreadsheet1,4,1,1,Screen 1,buttonA,response_button_text,2862.1999999999534,,,Left,1,0,1,0,,,,,,response,
6,1642074397594,13/01/2022 11:46:37,1642074396955,0,13/01/2022 11:46:36,53563,21,task-ptdz,,18488478,BLIND,5470308,,complete,,,computer,Desktop or Laptop,Windows 10,Edge 97.0.1072.55,1280x720,1280x569,,Eye dominance,4,oneFirst,,,,,163,Right,163,Right,Spreadsheet1,,,END TASK,,,,,112499,,,,,0,1,0,,,,,,,
1,1641142853163,02/01/2022 17:00:53,1641142853264,0,02/01/2022 17:00:53,53563,21,task-ptdz,,18261394,BLIND,5410548,,complete,,,computer,Desktop or Laptop,Windows 10,Edge 96.0.1054.62,1123x632,1123x526,,Eye dominance,4,bothFirst,178,Right,178,Right,,,,,Spreadsheet1,,,BEGIN TASK,,,,,,,,,,0,1,0,,,,,,,
2,1641142854426,02/01/2022 17:00:54,1641142854569,0,02/01/2022 17:00:54,53563,21,task-ptdz,,18261394,BLIND,5410548,,complete,,,computer,Desktop or Laptop,Windows 10,Edge 96.0.1054.62,1123x632,1123x526,,Eye dominance,4,bothFirst,178,Right,178,Right,,,,,Spreadsheet1,Spreadsheet1,1,1,1,Screen 1,advancementZone,continue_button,1184.8999999761581,,,,,0,1,0,,,,,,intro,
3,1641142856349,02/01/2022 17:00:56,1641142856362,0,02/01/2022 17:00:56,53563,21,task-ptdz,,18261394,BLIND,5410548,,complete,,,computer,Desktop or Laptop,Windows 10,Edge 96.0.1054.62,1123x632,1123x526,,Eye dominance,4,bothFirst,178,Right,178,Right,,,,,Spreadsheet1,Spreadsheet1,2,1,1,Screen 1,Zone2,continue_button,1756.7999999523163,,,,,0,1,0,,,,,,video,
4,1641142857010,02/01/2022 17:00:57,1641142857176,0,02/01/2022 17:00:57,53563,21,task-ptdz,,18261394,BLIND,5410548,,complete,,,computer,Desktop or Laptop,Windows 10,Edge 96.0.1054.62,1123x632,1123x526,,Eye dominance,4,bothFirst,178,Right,178,Right,,,,,Spreadsheet1,Spreadsheet1,3,1,1,Screen 1,advancementZone,continue_button,797.2000000476837,,,,,0,1,0,,,,,,instructions,
5,1641142859182,02/01/2022 17:00:59,1641142859339,0,02/01/2022 17:00:59,53563,21,task-ptdz,,18261394,BLIND,5410548,,complete,,,computer,Desktop or Laptop,Windows 10,Edge 96.0.1054.62,1123x632,1123x526,,Eye dominance,4,bothFirst,178,Right,178,Right,,,,,Spreadsheet1,Spreadsheet1,4,1,1,Screen 1,buttonB,response_button_text,2117.7999999523163,,,Right,1,0,1,0,,,,,,response,
6,1641142859317,02/01/2022 17:00:59,1641142859347,0,02/01/2022 17:00:59,53563,21,task-ptdz,,18261394,BLIND,5410548,,complete,,,computer,Desktop or Laptop,Windows 10,Edge 96.0.1054.62,1123x632,1123x526,,Eye dominance,4,bothFirst,178,Right,178,Right,,,,,Spreadsheet1,,,END TASK,,,,,6083,,,,,0,1,0,,,,,,,
1,1641121677121,02/01/2022 11:07:57,1641121678388,0,02/01/2022 11:07:58,53563,21,task-ptdz,,18258958,BLIND,5409913,,complete,,,computer,Desktop or Laptop,Windows 10,Chrome 96.0.4664.110,1366x768,1366x624,,Eye dominance,4,bothFirst,163,Right,163,Right,,,,,Spreadsheet1,,,BEGIN TASK,,,,,,,,,,0,1,0,,,,,,,
2,1641121684598,02/01/2022 11:08:04,1641121685801,0,02/01/2022 11:08:05,53563,21,task-ptdz,,18258958,BLIND,5409913,,complete,,,computer,Desktop or Laptop,Windows 10,Chrome 96.0.4664.110,1366x768,1366x624,,Eye dominance,4,bothFirst,163,Right,163,Right,,,,,Spreadsheet1,Spreadsheet1,1,1,1,Screen 1,advancementZone,continue_button,7343.699999809265,,,,,0,1,0,,,,,,intro,
3,1641121722144,02/01/2022 11:08:42,1641121723039,0,02/01/2022 11:08:43,53563,21,task-ptdz,,18258958,BLIND,5409913,,complete,,,computer,Desktop or Laptop,Windows 10,Chrome 96.0.4664.110,1366x768,1366x624,,Eye dominance,4,bothFirst,163,Right,163,Right,,,,,Spreadsheet1,Spreadsheet1,2,1,1,Screen 1,Zone2,continue_button,37220.299999952316,,,,,0,1,0,,,,,,video,
4,1641121735648,02/01/2022 11:08:55,1641121735936,0,02/01/2022 11:08:55,53563,21,task-ptdz,,18258958,BLIND,5409913,,complete,,,computer,Desktop or Laptop,Windows 10,Chrome 96.0.4664.110,1366x768,1366x624,,Eye dominance,4,bothFirst,163,Right,163,Right,,,,,Spreadsheet1,Spreadsheet1,3,1,1,Screen 1,advancementZone,continue_button,12882,,,,,0,1,0,,,,,,instructions,
5,1641121738191,02/01/2022 11:08:58,1641121739498,0,02/01/2022 11:08:59,53563,21,task-ptdz,,18258958,BLIND,5409913,,complete,,,computer,Desktop or Laptop,Windows 10,Chrome 96.0.4664.110,1366x768,1366x624,,Eye dominance,4,bothFirst,163,Right,163,Right,,,,,Spreadsheet1,Spreadsheet1,4,1,1,Screen 1,buttonB,response_button_text,3546.100000143051,,,Right,1,0,1,0,,,,,,response,
6,1641121738253,02/01/2022 11:08:58,1641121739502,0,02/01/2022 11:08:59,53563,21,task-ptdz,,18258958,BLIND,5409913,,complete,,,computer,Desktop or Laptop,Windows 10,Chrome 96.0.4664.110,1366x768,1366x624,,Eye dominance,4,bothFirst,163,Right,163,Right,,,,,Spreadsheet1,,,END TASK,,,,,61114,,,,,0,1,0,,,,,,,
1,1641050486727,01/01/2022 15:21:26,1641050486594,0,01/01/2022 15:21:26,53563,21,task-ptdz,,18255921,BLIND,5407126,,complete,,,computer,Desktop or Laptop,Mac OS 10.15.7,Safari 15.1,1280x800,1280x601,,Eye dominance,4,bothFirst,178,Right,178,Right,,,,,Spreadsheet1,,,BEGIN TASK,,,,,,,,,,0,1,0,,,,,,,
2,1641050488181,01/01/2022 15:21:28,1641050488096,0,01/01/2022 15:21:28,53563,21,task-ptdz,,18255921,BLIND,5407126,,complete,,,computer,Desktop or Laptop,Mac OS 10.15.7,Safari 15.1,1280x800,1280x601,,Eye dominance,4,bothFirst,178,Right,178,Right,,,,,Spreadsheet1,Spreadsheet1,1,1,1,Screen 1,advancementZone,continue_button,1449,,,,,0,1,0,,,,,,intro,
3,1641050536979,01/01/2022 15:22:16,1641050536917,0,01/01/2022 15:22:16,53563,21,task-ptdz,,18255921,BLIND,5407126,,complete,,,computer,Desktop or Laptop,Mac OS 10.15.7,Safari 15.1,1280x800,1280x601,,Eye dominance,4,bothFirst,178,Right,178,Right,,,,,Spreadsheet1,Spreadsheet1,2,1,1,Screen 1,Zone2,continue_button,48804,,,,,0,1,0,,,,,,video,
4,1641050538936,01/01/2022 15:22:18,1641050538819,0,01/01/2022 15:22:18,53563,21,task-ptdz,,18255921,BLIND,5407126,,complete,,,computer,Desktop or Laptop,Mac OS 10.15.7,Safari 15.1,1280x800,1280x601,,Eye dominance,4,bothFirst,178,Right,178,Right,,,,,Spreadsheet1,Spreadsheet1,3,1,1,Screen 1,advancementZone,continue_button,1892,,,,,0,1,0,,,,,,instructions,
5,1641050541596,01/01/2022 15:22:21,1641050541511,0,01/01/2022 15:22:21,53563,21,task-ptdz,,18255921,BLIND,5407126,,complete,,,computer,Desktop or Laptop,Mac OS 10.15.7,Safari 15.1,1280x800,1280x601,,Eye dominance,4,bothFirst,178,Right,178,Right,,,,,Spreadsheet1,Spreadsheet1,4,1,1,Screen 1,buttonA,response_button_text,2656,,,Left,1,0,1,0,,,,,,response,
6,1641050541652,01/01/2022 15:22:21,1641050541514,0,01/01/2022 15:22:21,53563,21,task-ptdz,,18255921,BLIND,5407126,,complete,,,computer,Desktop or Laptop,Mac OS 10.15.7,Safari 15.1,1280x800,1280x601,,Eye dominance,4,bothFirst,178,Right,178,Right,,,,,Spreadsheet1,,,END TASK,,,,,54920,,,,,0,1,0,,,,,,,
1,1640816430945,29/12/2021 22:20:30,1640816430228,0,29/12/2021 22:20:30,53563,21,task-ptdz,,18241170,BLIND,5389739,,complete,,,computer,Desktop or Laptop,Chromium OS 14268.67.0,Chrome 96.0.4664.111,1536x864,1024x497,,Eye dominance,4,oneFirst,,,,,183,Right,183,Right,Spreadsheet1,,,BEGIN TASK,,,,,,,,,,0,1,0,,,,,,,
2,1640816434184,29/12/2021 22:20:34,1640816433529,0,29/12/2021 22:20:33,53563,21,task-ptdz,,18241170,BLIND,5389739,,complete,,,computer,Desktop or Laptop,Chromium OS 14268.67.0,Chrome 96.0.4664.111,1536x864,1024x497,,Eye dominance,4,oneFirst,,,,,183,Right,183,Right,Spreadsheet1,Spreadsheet1,1,1,1,Screen 1,advancementZone,continue_button,3192.0999999999767,,,,,0,1,0,,,,,,intro,
3,1640816488474,29/12/2021 22:21:28,1640816487814,0,29/12/2021 22:21:27,53563,21,task-ptdz,,18241170,BLIND,5389739,,complete,,,computer,Desktop or Laptop,Chromium OS 14268.67.0,Chrome 96.0.4664.111,1536x864,1024x497,,Eye dominance,4,oneFirst,,,,,183,Right,183,Right,Spreadsheet1,Spreadsheet1,2,1,1,Screen 1,Zone2,continue_button,54255.20000000001,,,,,0,1,0,,,,,,video,
4,1640816507449,29/12/2021 22:21:47,1640816506772,0,29/12/2021 22:21:46,53563,21,task-ptdz,,18241170,BLIND,5389739,,complete,,,computer,Desktop or Laptop,Chromium OS 14268.67.0,Chrome 96.0.4664.111,1536x864,1024x497,,Eye dominance,4,oneFirst,,,,,183,Right,183,Right,Spreadsheet1,Spreadsheet1,3,1,1,Screen 1,advancementZone,continue_button,18942.29999999999,,,,,0,1,0,,,,,,instructions,
5,1640816511076,29/12/2021 22:21:51,1640816510432,0,29/12/2021 22:21:50,53563,21,task-ptdz,,18241170,BLIND,5389739,,complete,,,computer,Desktop or Laptop,Chromium OS 14268.67.0,Chrome 96.0.4664.111,1536x864,1024x497,,Eye dominance,4,oneFirst,,,,,183,Right,183,Right,Spreadsheet1,Spreadsheet1,4,1,1,Screen 1,buttonA,response_button_text,3644.2999999999884,,,Left,1,0,1,0,,,,,,response,
6,1640816511233,29/12/2021 22:21:51,1640816510435,0,29/12/2021 22:21:50,53563,21,task-ptdz,,18241170,BLIND,5389739,,complete,,,computer,Desktop or Laptop,Chromium OS 14268.67.0,Chrome 96.0.4664.111,1536x864,1024x497,,Eye dominance,4,oneFirst,,,,,183,Right,183,Right,Spreadsheet1,,,END TASK,,,,,80207,,,,,0,1,0,,,,,,,
1,1640795267251,29/12/2021 16:27:47,1640795266977,0,29/12/2021 16:27:46,53563,21,task-ptdz,,18238293,BLIND,5388619,,complete,,,computer,Desktop or Laptop,Mac OS 10.15.6,Safari 14.0.2,1440x900,1001x717,,Eye dominance,4,bothFirst,163,Right,163,Right,,,,,Spreadsheet1,,,BEGIN TASK,,,,,,,,,,0,1,0,,,,,,,
2,1640795269373,29/12/2021 16:27:49,1640795269163,0,29/12/2021 16:27:49,53563,21,task-ptdz,,18238293,BLIND,5388619,,complete,,,computer,Desktop or Laptop,Mac OS 10.15.6,Safari 14.0.2,1440x900,1006x717,,Eye dominance,4,bothFirst,163,Right,163,Right,,,,,Spreadsheet1,Spreadsheet1,1,1,1,Screen 1,advancementZone,continue_button,2112,,,,,0,1,0,,,,,,intro,
3,1640795300956,29/12/2021 16:28:20,1640795300770,0,29/12/2021 16:28:20,53563,21,task-ptdz,,18238293,BLIND,5388619,,complete,,,computer,Desktop or Laptop,Mac OS 10.15.6,Safari 14.0.2,1440x900,1006x717,,Eye dominance,4,bothFirst,163,Right,163,Right,,,,,Spreadsheet1,Spreadsheet1,2,1,1,Screen 1,Zone2,continue_button,31586,,,,,0,1,0,,,,,,video,
4,1640795304831,29/12/2021 16:28:24,1640795304599,0,29/12/2021 16:28:24,53563,21,task-ptdz,,18238293,BLIND,5388619,,complete,,,computer,Desktop or Laptop,Mac OS 10.15.6,Safari 14.0.2,1440x900,1006x717,,Eye dominance,4,bothFirst,163,Right,163,Right,,,,,Spreadsheet1,Spreadsheet1,3,1,1,Screen 1,advancementZone,continue_button,3810,,,,,0,1,0,,,,,,instructions,
5,1640795306198,29/12/2021 16:28:26,1640795306075,0,29/12/2021 16:28:26,53563,21,task-ptdz,,18238293,BLIND,5388619,,complete,,,computer,Desktop or Laptop,Mac OS 10.15.6,Safari 14.0.2,1440x900,1006x717,,Eye dominance,4,bothFirst,163,Right,163,Right,,,,,Spreadsheet1,Spreadsheet1,4,1,1,Screen 1,buttonA,response_button_text,1347,,,Left,1,0,1,0,,,,,,response,
6,1640795306270,29/12/2021 16:28:26,1640795306078,0,29/12/2021 16:28:26,53563,21,task-ptdz,,18238293,BLIND,5388619,,complete,,,computer,Desktop or Laptop,Mac OS 10.15.6,Safari 14.0.2,1440x900,1006x717,,Eye dominance,4,bothFirst,163,Right,163,Right,,,,,Spreadsheet1,,,END TASK,,,,,39101,,,,,0,1,0,,,,,,,
1,1640781976139,29/12/2021 12:46:16,1640781975937,0,29/12/2021 12:46:15,53563,21,task-ptdz,,18235550,BLIND,5387474,,complete,,,computer,Desktop or Laptop,Chromium OS 14268.67.0,Chrome 96.0.4664.111,1536x864,1536x746,,Eye dominance,4,bothFirst,157,Right,157,Right,,,,,Spreadsheet1,,,BEGIN TASK,,,,,,,,,,0,1,0,,,,,,,
2,1640781980503,29/12/2021 12:46:20,1640781980372,0,29/12/2021 12:46:20,53563,21,task-ptdz,,18235550,BLIND,5387474,,complete,,,computer,Desktop or Laptop,Chromium OS 14268.67.0,Chrome 96.0.4664.111,1536x864,1536x746,,Eye dominance,4,bothFirst,157,Right,157,Right,,,,,Spreadsheet1,Spreadsheet1,1,1,1,Screen 1,advancementZone,continue_button,4338.299999998882,,,,,0,1,0,,,,,,intro,
3,1640782014979,29/12/2021 12:46:54,1640782014846,0,29/12/2021 12:46:54,53563,21,task-ptdz,,18235550,BLIND,5387474,,complete,,,computer,Desktop or Laptop,Chromium OS 14268.67.0,Chrome 96.0.4664.111,1536x864,1536x746,,Eye dominance,4,bothFirst,157,Right,157,Right,,,,,Spreadsheet1,Spreadsheet1,2,1,1,Screen 1,Zone2,continue_button,34444.90000000037,,,,,0,1,0,,,,,,video,
4,1640782019447,29/12/2021 12:46:59,1640782019291,0,29/12/2021 12:46:59,53563,21,task-ptdz,,18235550,BLIND,5387474,,complete,,,computer,Desktop or Laptop,Chromium OS 14268.67.0,Chrome 96.0.4664.111,1536x864,1536x746,,Eye dominance,4,bothFirst,157,Right,157,Right,,,,,Spreadsheet1,Spreadsheet1,3,1,1,Screen 1,advancementZone,continue_button,4429.699999999255,,,,,0,1,0,,,,,,instructions,
5,1640782021685,29/12/2021 12:47:01,1640782021564,0,29/12/2021 12:47:01,53563,21,task-ptdz,,18235550,BLIND,5387474,,complete,,,computer,Desktop or Laptop,Chromium OS 14268.67.0,Chrome 96.0.4664.111,1536x864,1536x746,,Eye dominance,4,bothFirst,157,Right,157,Right,,,,,Spreadsheet1,Spreadsheet1,4,1,1,Screen 1,buttonA,response_button_text,2257.199999999255,,,Left,1,0,1,0,,,,,,response,
6,1640782021779,29/12/2021 12:47:01,1640782021568,0,29/12/2021 12:47:01,53563,21,task-ptdz,,18235550,BLIND,5387474,,complete,,,computer,Desktop or Laptop,Chromium OS 14268.67.0,Chrome 96.0.4664.111,1536x864,1536x746,,Eye dominance,4,bothFirst,157,Right,157,Right,,,,,Spreadsheet1,,,END TASK,,,,,45632,,,,,0,1,0,,,,,,,
1,1640089793532,21/12/2021 12:29:53,1640089793251,0,21/12/2021 12:29:53,53563,21,task-ptdz,,18166821,BLIND,5361762,,complete,,,computer,Desktop or Laptop,Mac OS 10.15.7,Safari 15.1,1792x1120,1780x940,,Eye dominance,4,oneFirst,,,,,183,Right,183,Right,Spreadsheet1,,,BEGIN TASK,,,,,,,,,,0,1,0,,,,,,,
2,1640089796863,21/12/2021 12:29:56,1640089796654,0,21/12/2021 12:29:56,53563,21,task-ptdz,,18166821,BLIND,5361762,,complete,,,computer,Desktop or Laptop,Mac OS 10.15.7,Safari 15.1,1792x1120,1780x940,,Eye dominance,4,oneFirst,,,,,183,Right,183,Right,Spreadsheet1,Spreadsheet1,1,1,1,Screen 1,advancementZone,continue_button,3380,,,,,0,1,0,,,,,,intro,
3,1640089885078,21/12/2021 12:31:25,1640089884761,0,21/12/2021 12:31:24,53563,21,task-ptdz,,18166821,BLIND,5361762,,complete,,,computer,Desktop or Laptop,Mac OS 10.15.7,Safari 15.1,1792x1120,1780x940,,Eye dominance,4,oneFirst,,,,,183,Right,183,Right,Spreadsheet1,Spreadsheet1,2,1,1,Screen 1,Zone2,continue_button,88098,,,,,0,1,0,,,,,,video,
4,1640089922289,21/12/2021 12:32:02,1640089922064,0,21/12/2021 12:32:02,53563,21,task-ptdz,,18166821,BLIND,5361762,,complete,,,computer,Desktop or Laptop,Mac OS 10.15.7,Safari 15.1,1792x1120,1780x940,,Eye dominance,4,oneFirst,,,,,183,Right,183,Right,Spreadsheet1,Spreadsheet1,3,1,1,Screen 1,advancementZone,continue_button,37298.000000000015,,,,,0,1,0,,,,,,instructions,
5,1640090018947,21/12/2021 12:33:38,1640090018630,0,21/12/2021 12:33:38,53563,21,task-ptdz,,18166821,BLIND,5361762,,complete,,,computer,Desktop or Laptop,Mac OS 10.15.7,Safari 15.1,1792x1120,1780x940,,Eye dominance,4,oneFirst,,,,,183,Right,183,Right,Spreadsheet1,Spreadsheet1,4,1,1,Screen 1,buttonB,response_button_text,96554,,,Right,1,0,1,0,,,,,,response,
6,1640090019002,21/12/2021 12:33:39,1640090018633,0,21/12/2021 12:33:38,53563,21,task-ptdz,,18166821,BLIND,5361762,,complete,,,computer,Desktop or Laptop,Mac OS 10.15.7,Safari 15.1,1792x1120,1780x940,,Eye dominance,4,oneFirst,,,,,183,Right,183,Right,Spreadsheet1,,,END TASK,,,,,225382,,,,,0,1,0,,,,,,,
1,1638879593470,07/12/2021 12:19:53,1638879591178,0,07/12/2021 12:19:51,53563,21,task-ptdz,,17812917,BLIND,5185783,,complete,,,computer,Desktop or Laptop,Windows 10,Chrome 96.0.4664.45,1920x1080,1920x969,,Eye dominance,4,oneFirst,,,,,163,Right,163,Right,Spreadsheet1,,,BEGIN TASK,,,,,,,,,,0,1,0,,,,,,,
2,1638879604582,07/12/2021 12:20:04,1638879602193,0,07/12/2021 12:20:02,53563,21,task-ptdz,,17812917,BLIND,5185783,,complete,,,computer,Desktop or Laptop,Windows 10,Chrome 96.0.4664.45,1920x1080,1920x969,,Eye dominance,4,oneFirst,,,,,163,Right,163,Right,Spreadsheet1,Spreadsheet1,1,1,1,Screen 1,advancementZone,continue_button,10921.600000023842,,,,,0,1,0,,,,,,intro,
3,1638879727825,07/12/2021 12:22:07,1638879725328,0,07/12/2021 12:22:05,53563,21,task-ptdz,,17812917,BLIND,5185783,,complete,,,computer,Desktop or Laptop,Windows 10,Chrome 96.0.4664.45,1920x1080,1920x969,,Eye dominance,4,oneFirst,,,,,163,Right,163,Right,Spreadsheet1,Spreadsheet1,2,1,1,Screen 1,Zone2,continue_button,123119.69999998808,,,,,0,1,0,,,,,,video,
4,1638879753357,07/12/2021 12:22:33,1638879750263,0,07/12/2021 12:22:30,53563,21,task-ptdz,,17812917,BLIND,5185783,,complete,,,computer,Desktop or Laptop,Windows 10,Chrome 96.0.4664.45,1920x1080,1920x969,,Eye dominance,4,oneFirst,,,,,163,Right,163,Right,Spreadsheet1,Spreadsheet1,3,1,1,Screen 1,advancementZone,continue_button,24927.79999998212,,,,,0,1,0,,,,,,instructions,
5,1638879756623,07/12/2021 12:22:36,1638879754337,0,07/12/2021 12:22:34,53563,21,task-ptdz,,17812917,BLIND,5185783,,complete,,,computer,Desktop or Laptop,Windows 10,Chrome 96.0.4664.45,1920x1080,1920x969,,Eye dominance,4,oneFirst,,,,,163,Right,163,Right,Spreadsheet1,Spreadsheet1,4,1,1,Screen 1,buttonA,response_button_text,4064.199999988079,,,Left,1,0,1,0,,,,,,response,
6,1638879757051,07/12/2021 12:22:37,1638879754340,0,07/12/2021 12:22:34,53563,21,task-ptdz,,17812917,BLIND,5185783,,complete,,,computer,Desktop or Laptop,Windows 10,Chrome 96.0.4664.45,1920x1080,1920x969,,Eye dominance,4,oneFirst,,,,,163,Right,163,Right,Spreadsheet1,,,END TASK,,,,,163162,,,,,0,1,0,,,,,,,
1,1638391690148,01/12/2021 20:48:10,1638391690269,0,01/12/2021 20:48:10,53563,21,task-ptdz,,17640381,BLIND,5207972,,complete,,,computer,Desktop or Laptop,Windows 10,Chrome 96.0.4664.45,1280x720,1280x577,,Eye dominance,4,bothFirst,157,Right,157,Right,,,,,Spreadsheet1,,,BEGIN TASK,,,,,,,,,,0,1,0,,,,,,,
2,1638391697028,01/12/2021 20:48:17,1638391695762,0,01/12/2021 20:48:15,53563,21,task-ptdz,,17640381,BLIND,5207972,,complete,,,computer,Desktop or Laptop,Windows 10,Chrome 96.0.4664.45,1280x720,1280x577,,Eye dominance,4,bothFirst,157,Right,157,Right,,,,,Spreadsheet1,Spreadsheet1,1,1,1,Screen 1,advancementZone,continue_button,5358.300000190735,,,,,0,1,0,,,,,,intro,
3,1638391739237,01/12/2021 20:48:59,1638391738837,0,01/12/2021 20:48:58,53563,21,task-ptdz,,17640381,BLIND,5207972,,complete,,,computer,Desktop or Laptop,Windows 10,Chrome 96.0.4664.45,1280x720,1280x577,,Eye dominance,4,bothFirst,157,Right,157,Right,,,,,Spreadsheet1,Spreadsheet1,2,1,1,Screen 1,Zone2,continue_button,43033.2999997139,,,,,0,1,0,,,,,,video,
4,1638391744322,01/12/2021 20:49:04,1638391743770,0,01/12/2021 20:49:03,53563,21,task-ptdz,,17640381,BLIND,5207972,,complete,,,computer,Desktop or Laptop,Windows 10,Chrome 96.0.4664.45,1280x720,1280x577,,Eye dominance,4,bothFirst,157,Right,157,Right,,,,,Spreadsheet1,Spreadsheet1,3,1,1,Screen 1,advancementZone,continue_button,4909.200000286102,,,,,0,1,0,,,,,,instructions,
5,1638391744890,01/12/2021 20:49:04,1638391745058,0,01/12/2021 20:49:05,53563,21,task-ptdz,,17640381,BLIND,5207972,,complete,,,computer,Desktop or Laptop,Windows 10,Chrome 96.0.4664.45,1280x720,1280x577,,Eye dominance,4,bothFirst,157,Right,157,Right,,,,,Spreadsheet1,Spreadsheet1,4,1,1,Screen 1,buttonA,response_button_text,1256.9000000953674,,,Left,1,0,1,0,,,,,,response,
6,1638391744979,01/12/2021 20:49:04,1638391745062,0,01/12/2021 20:49:05,53563,21,task-ptdz,,17640381,BLIND,5207972,,complete,,,computer,Desktop or Laptop,Windows 10,Chrome 96.0.4664.45,1280x720,1280x577,,Eye dominance,4,bothFirst,157,Right,157,Right,,,,,Spreadsheet1,,,END TASK,,,,,54793,,,,,0,1,0,,,,,,,
1,1638301198169,30/11/2021 19:39:58,1638301196902,0,30/11/2021 19:39:56,53563,21,task-ptdz,,17602269,BLIND,5198273,,complete,,,computer,Desktop or Laptop,Windows 10,Edge 96.0.1054.34,1280x720,1707x812,,Eye dominance,4,bothFirst,163,Right,163,Right,,,,,Spreadsheet1,,,BEGIN TASK,,,,,,,,,,0,1,0,,,,,,,
2,1638301202771,30/11/2021 19:40:02,1638301201530,0,30/11/2021 19:40:01,53563,21,task-ptdz,,17602269,BLIND,5198273,,complete,,,computer,Desktop or Laptop,Windows 10,Edge 96.0.1054.34,1280x720,1707x812,,Eye dominance,4,bothFirst,163,Right,163,Right,,,,,Spreadsheet1,Spreadsheet1,1,1,1,Screen 1,advancementZone,continue_button,4578.5,,,,,0,1,0,,,,,,intro,
3,1638301238540,30/11/2021 19:40:38,1638301237297,0,30/11/2021 19:40:37,53563,21,task-ptdz,,17602269,BLIND,5198273,,complete,,,computer,Desktop or Laptop,Windows 10,Edge 96.0.1054.34,1280x720,1707x812,,Eye dominance,4,bothFirst,163,Right,163,Right,,,,,Spreadsheet1,Spreadsheet1,2,1,1,Screen 1,Zone2,continue_button,35757.5,,,,,0,1,0,,,,,,video,
4,1638301238759,30/11/2021 19:40:38,1638301237523,0,30/11/2021 19:40:37,53563,21,task-ptdz,,17602269,BLIND,5198273,,complete,,,computer,Desktop or Laptop,Windows 10,Edge 96.0.1054.34,1280x720,1707x812,,Eye dominance,4,bothFirst,163,Right,163,Right,,,,,Spreadsheet1,Spreadsheet1,3,1,1,Screen 1,advancementZone,continue_button,217.5,,,,,0,1,0,,,,,,instructions,
5,1638301243045,30/11/2021 19:40:43,1638301241825,0,30/11/2021 19:40:41,53563,21,task-ptdz,,17602269,BLIND,5198273,,complete,,,computer,Desktop or Laptop,Windows 10,Edge 96.0.1054.34,1280x720,1707x812,,Eye dominance,4,bothFirst,163,Right,163,Right,,,,,Spreadsheet1,Spreadsheet1,4,1,1,Screen 1,buttonA,response_button_text,4281.0999999940395,,,Left,1,0,1,0,,,,,,response,
6,1638301243103,30/11/2021 19:40:43,1638301241828,0,30/11/2021 19:40:41,53563,21,task-ptdz,,17602269,BLIND,5198273,,complete,,,computer,Desktop or Laptop,Windows 10,Edge 96.0.1054.34,1280x720,1707x812,,Eye dominance,4,bothFirst,163,Right,163,Right,,,,,Spreadsheet1,,,END TASK,,,,,44926,,,,,0,1,0,,,,,,,
1,1638277162765,30/11/2021 12:59:22,1638277162687,0,30/11/2021 12:59:22,53563,21,task-ptdz,,17587494,BLIND,5193241,,complete,,,computer,Desktop or Laptop,Windows 10,Edge 96.0.1054.34,1280x854,1232x743,,Eye dominance,4,oneFirst,,,,,178,Right,178,Right,Spreadsheet1,,,BEGIN TASK,,,,,,,,,,0,1,0,,,,,,,
2,1638277166321,30/11/2021 12:59:26,1638277166283,0,30/11/2021 12:59:26,53563,21,task-ptdz,,17587494,BLIND,5193241,,complete,,,computer,Desktop or Laptop,Windows 10,Edge 96.0.1054.34,1280x854,1232x743,,Eye dominance,4,oneFirst,,,,,178,Right,178,Right,Spreadsheet1,Spreadsheet1,1,1,1,Screen 1,advancementZone,continue_button,3515.899999976158,,,,,0,1,0,,,,,,intro,
3,1638277197609,30/11/2021 12:59:57,1638277197467,0,30/11/2021 12:59:57,53563,21,task-ptdz,,17587494,BLIND,5193241,,complete,,,computer,Desktop or Laptop,Windows 10,Edge 96.0.1054.34,1280x854,1232x743,,Eye dominance,4,oneFirst,,,,,178,Right,178,Right,Spreadsheet1,Spreadsheet1,2,1,1,Screen 1,Zone2,continue_button,31157.700000047684,,,,,0,1,0,,,,,,video,
4,1638277229904,30/11/2021 13:00:29,1638277229868,0,30/11/2021 13:00:29,53563,21,task-ptdz,,17587494,BLIND,5193241,,complete,,,computer,Desktop or Laptop,Windows 10,Edge 96.0.1054.34,1280x854,1232x743,,Eye dominance,4,oneFirst,,,,,178,Right,178,Right,Spreadsheet1,Spreadsheet1,3,1,1,Screen 1,advancementZone,continue_button,32373,,,,,0,1,0,,,,,,instructions,
5,1638277232335,30/11/2021 13:00:32,1638277232305,0,30/11/2021 13:00:32,53563,21,task-ptdz,,17587494,BLIND,5193241,,complete,,,computer,Desktop or Laptop,Windows 10,Edge 96.0.1054.34,1280x854,1232x743,,Eye dominance,4,oneFirst,,,,,178,Right,178,Right,Spreadsheet1,Spreadsheet1,4,1,1,Screen 1,buttonB,response_button_text,2411.8000000715256,,,Right,1,0,1,0,,,,,,response,
6,1638277232421,30/11/2021 13:00:32,1638277232308,0,30/11/2021 13:00:32,53563,21,task-ptdz,,17587494,BLIND,5193241,,complete,,,computer,Desktop or Laptop,Windows 10,Edge 96.0.1054.34,1280x854,1232x743,,Eye dominance,4,oneFirst,,,,,178,Right,178,Right,Spreadsheet1,,,END TASK,,,,,69621,,,,,0,1,0,,,,,,,
1,1638204303574,29/11/2021 16:45:03,1638204303103,0,29/11/2021 16:45:03,53563,21,task-ptdz,,17563989,BLIND,5186811,,complete,,,computer,Desktop or Laptop,Windows 10,Edge 96.0.1054.34,1280x720,1280x609,,Eye dominance,4,bothFirst,183,Right,183,Right,,,,,Spreadsheet1,,,BEGIN TASK,,,,,,,,,,0,1,0,,,,,,,
2,1638204306229,29/11/2021 16:45:06,1638204305850,0,29/11/2021 16:45:05,53563,21,task-ptdz,,17563989,BLIND,5186811,,complete,,,computer,Desktop or Laptop,Windows 10,Edge 96.0.1054.34,1280x720,1280x609,,Eye dominance,4,bothFirst,183,Right,183,Right,,,,,Spreadsheet1,Spreadsheet1,1,1,1,Screen 1,advancementZone,continue_button,2694.100000023842,,,,,0,1,0,,,,,,intro,
3,1638204336453,29/11/2021 16:45:36,1638204335758,0,29/11/2021 16:45:35,53563,21,task-ptdz,,17563989,BLIND,5186811,,complete,,,computer,Desktop or Laptop,Windows 10,Edge 96.0.1054.34,1280x720,1280x609,,Eye dominance,4,bothFirst,183,Right,183,Right,,,,,Spreadsheet1,Spreadsheet1,2,1,1,Screen 1,Zone2,continue_button,29892.70000001788,,,,,0,1,0,,,,,,video,
4,1638204337614,29/11/2021 16:45:37,1638204337241,0,29/11/2021 16:45:37,53563,21,task-ptdz,,17563989,BLIND,5186811,,complete,,,computer,Desktop or Laptop,Windows 10,Edge 96.0.1054.34,1280x720,1280x609,,Eye dominance,4,bothFirst,183,Right,183,Right,,,,,Spreadsheet1,Spreadsheet1,3,1,1,Screen 1,advancementZone,continue_button,1463.699999988079,,,,,0,1,0,,,,,,instructions,
5,1638204339391,29/11/2021 16:45:39,1638204339013,0,29/11/2021 16:45:39,53563,21,task-ptdz,,17563989,BLIND,5186811,,complete,,,computer,Desktop or Laptop,Windows 10,Edge 96.0.1054.34,1280x720,1280x609,,Eye dominance,4,bothFirst,183,Right,183,Right,,,,,Spreadsheet1,Spreadsheet1,4,1,1,Screen 1,buttonB,response_button_text,1749.0999999940395,,,Right,1,0,1,0,,,,,,response,
6,1638204339476,29/11/2021 16:45:39,1638204339022,0,29/11/2021 16:45:39,53563,21,task-ptdz,,17563989,BLIND,5186811,,complete,,,computer,Desktop or Laptop,Windows 10,Edge 96.0.1054.34,1280x720,1280x609,,Eye dominance,4,bothFirst,183,Right,183,Right,,,,,Spreadsheet1,,,END TASK,,,,,35919,,,,,0,1,0,,,,,,,
END OF FILE
