Event Index,UTC Timestamp,UTC Date and Time,Local Timestamp,Local Timezone,Local Date and Time,Experiment ID,Experiment Version,Tree Node Key,Repeat Key,Schedule ID,Participant Public ID,Participant Private ID,Participant Starting Group,Participant Status,Participant Completion Code,Participant External Session ID,Participant Device Type,Participant Device,Participant OS,Participant Browser,Participant Monitor Size,Participant Viewport Size,Checkpoint,Task Name,Task Version,randomiser-qd1r,branch-4d91,branch-6e1m,branch-6mdr,branch-751i,branch-lwwt,branch-7gxz,branch-bbdp,branch-qi5c,Spreadsheet,Spreadsheet Name,Spreadsheet Row,Trial Number,Screen Number,Screen Name,Zone Name,Zone Type,Reaction Time,Reaction Onset,Response Type,Response,Attempt,Correct,Incorrect,Dishonest,X Coordinate,Y Coordinate,Timed Out,randomise_blocks,randomise_trials,display,VS_Puzzle,Clicks,Prompt
1,1642076532910,13/01/2022 12:22:12,1642076532270,0,13/01/2022 12:22:12,53563,21,task-3u5y,,18489380,BLIND,5470308,,complete,,,computer,Desktop or Laptop,Windows 10,Edge 97.0.1072.55,1280x720,1280x720,,Visual Search Click on Location,9,oneFirst,,,,,163,Right,163,Right,Spreadsheet1,,,BEGIN TASK,,,,,,,,,,0,1,0,,,,,,,,,
2,1642076549708,13/01/2022 12:22:29,1642076549135,0,13/01/2022 12:22:29,53563,21,task-3u5y,,18489380,BLIND,5470308,,complete,,,computer,Desktop or Laptop,Windows 10,Edge 97.0.1072.55,1280x720,1280x720,,Visual Search Click on Location,9,oneFirst,,,,,163,Right,163,Right,Spreadsheet1,Spreadsheet1,1,1,1,Screen 1,advancementZone,continue_button,16836.100000000093,,,,,0,1,0,,,,,,Instructions,,,
3,1642076550276,13/01/2022 12:22:30,1642076549577,0,13/01/2022 12:22:29,53563,21,task-3u5y,,18489380,BLIND,5470308,,complete,,,computer,Desktop or Laptop,Windows 10,Edge 97.0.1072.55,1280x720,1280x720,,Visual Search Click on Location,9,oneFirst,,,,,163,Right,163,Right,Spreadsheet1,Spreadsheet1,3,1,1,Screen 2,fixation,fixation,449.91300000000047,,,,,0,1,0,,,,,1,Task,Image2.PNG,1,
4,1642076554919,13/01/2022 12:22:34,1642076554334,0,13/01/2022 12:22:34,53563,21,task-3u5y,,18489380,BLIND,5470308,,complete,,,computer,Desktop or Laptop,Windows 10,Edge 97.0.1072.55,1280x720,1280x720,,Visual Search Click on Location,9,oneFirst,,,,,163,Right,163,Right,Spreadsheet1,Spreadsheet1,3,1,2,Screen 1,advancementZone,click_painting,4748.899999999907,,,click,1,0,1,0,158,212,,,1,Task,Image2.PNG,1,
5,1642076555158,13/01/2022 12:22:35,1642076554574,0,13/01/2022 12:22:34,53563,21,task-3u5y,,18489380,BLIND,5470308,,complete,,,computer,Desktop or Laptop,Windows 10,Edge 97.0.1072.55,1280x720,1280x720,,Visual Search Click on Location,9,oneFirst,,,,,163,Right,163,Right,Spreadsheet1,Spreadsheet1,3,1,2,Screen 1,advancementZone,click_painting,4989.200000000186,,,click limit reached,1,0,1,0,,,,,1,Task,Image2.PNG,1,
6,1642076555607,13/01/2022 12:22:35,1642076555024,0,13/01/2022 12:22:35,53563,21,task-3u5y,,18489380,BLIND,5470308,,complete,,,computer,Desktop or Laptop,Windows 10,Edge 97.0.1072.55,1280x720,1280x720,,Visual Search Click on Location,9,oneFirst,,,,,163,Right,163,Right,Spreadsheet1,Spreadsheet1,5,2,1,Screen 2,fixation,fixation,449.6990000000005,,,,,0,1,0,,,,,1,Task,Image4.PNG,1,
7,1642076560518,13/01/2022 12:22:40,1642076559933,0,13/01/2022 12:22:39,53563,21,task-3u5y,,18489380,BLIND,5470308,,complete,,,computer,Desktop or Laptop,Windows 10,Edge 97.0.1072.55,1280x720,1280x720,,Visual Search Click on Location,9,oneFirst,,,,,163,Right,163,Right,Spreadsheet1,Spreadsheet1,5,2,2,Screen 1,advancementZone,click_painting,4903.5,,,click,1,0,1,0,478,87,,,1,Task,Image4.PNG,1,
8,1642076560735,13/01/2022 12:22:40,1642076560157,0,13/01/2022 12:22:40,53563,21,task-3u5y,,18489380,BLIND,5470308,,complete,,,computer,Desktop or Laptop,Windows 10,Edge 97.0.1072.55,1280x720,1280x720,,Visual Search Click on Location,9,oneFirst,,,,,163,Right,163,Right,Spreadsheet1,Spreadsheet1,5,2,2,Screen 1,advancementZone,click_painting,5127.4000000003725,,,click limit reached,1,0,1,0,,,,,1,Task,Image4.PNG,1,
9,1642076561169,13/01/2022 12:22:41,1642076560606,0,13/01/2022 12:22:40,53563,21,task-3u5y,,18489380,BLIND,5470308,,complete,,,computer,Desktop or Laptop,Windows 10,Edge 97.0.1072.55,1280x720,1280x720,,Visual Search Click on Location,9,oneFirst,,,,,163,Right,163,Right,Spreadsheet1,Spreadsheet1,4,3,1,Screen 2,fixation,fixation,449.75,,,,,0,1,0,,,,,1,Task,Image3.PNG,1,
10,1642076564561,13/01/2022 12:22:44,1642076563982,0,13/01/2022 12:22:43,53563,21,task-3u5y,,18489380,BLIND,5470308,,complete,,,computer,Desktop or Laptop,Windows 10,Edge 97.0.1072.55,1280x720,1280x720,,Visual Search Click on Location,9,oneFirst,,,,,163,Right,163,Right,Spreadsheet1,Spreadsheet1,4,3,2,Screen 1,advancementZone,click_painting,3367,,,click,1,0,1,0,604,252,,,1,Task,Image3.PNG,1,
11,1642076564797,13/01/2022 12:22:44,1642076564221,0,13/01/2022 12:22:44,53563,21,task-3u5y,,18489380,BLIND,5470308,,complete,,,computer,Desktop or Laptop,Windows 10,Edge 97.0.1072.55,1280x720,1280x720,,Visual Search Click on Location,9,oneFirst,,,,,163,Right,163,Right,Spreadsheet1,Spreadsheet1,4,3,2,Screen 1,advancementZone,click_painting,3606,,,click limit reached,1,0,1,0,,,,,1,Task,Image3.PNG,1,
12,1642076565654,13/01/2022 12:22:45,1642076564673,0,13/01/2022 12:22:44,53563,21,task-3u5y,,18489380,BLIND,5470308,,complete,,,computer,Desktop or Laptop,Windows 10,Edge 97.0.1072.55,1280x720,1280x720,,Visual Search Click on Location,9,oneFirst,,,,,163,Right,163,Right,Spreadsheet1,Spreadsheet1,2,4,1,Screen 2,fixation,fixation,450.1529999999984,,,,,0,1,0,,,,,1,Task,Image1.PNG,1,
13,1642076568298,13/01/2022 12:22:48,1642076567689,0,13/01/2022 12:22:47,53563,21,task-3u5y,,18489380,BLIND,5470308,,complete,,,computer,Desktop or Laptop,Windows 10,Edge 97.0.1072.55,1280x720,1280x720,,Visual Search Click on Location,9,oneFirst,,,,,163,Right,163,Right,Spreadsheet1,Spreadsheet1,2,4,2,Screen 1,advancementZone,click_painting,3006,,,click,1,0,1,0,490,116,,,1,Task,Image1.PNG,1,
14,1642076568498,13/01/2022 12:22:48,1642076567937,0,13/01/2022 12:22:47,53563,21,task-3u5y,,18489380,BLIND,5470308,,complete,,,computer,Desktop or Laptop,Windows 10,Edge 97.0.1072.55,1280x720,1280x720,,Visual Search Click on Location,9,oneFirst,,,,,163,Right,163,Right,Spreadsheet1,Spreadsheet1,2,4,2,Screen 1,advancementZone,click_painting,3253.2999999998137,,,click limit reached,1,0,1,0,,,,,1,Task,Image1.PNG,1,
15,1642076570608,13/01/2022 12:22:50,1642076569893,0,13/01/2022 12:22:49,53563,21,task-3u5y,,18489380,BLIND,5470308,,complete,,,computer,Desktop or Laptop,Windows 10,Edge 97.0.1072.55,1280x720,1280x720,,Visual Search Click on Location,9,oneFirst,,,,,163,Right,163,Right,Spreadsheet1,Spreadsheet1,6,1,1,Screen 1,advancementZone,continue_button,1933.7999999998137,,,,,0,1,0,,,,,,Break,,,
16,1642076572752,13/01/2022 12:22:52,1642076571424,0,13/01/2022 12:22:51,53563,21,task-3u5y,,18489380,BLIND,5470308,,complete,,,computer,Desktop or Laptop,Windows 10,Edge 97.0.1072.55,1280x720,1280x720,,Visual Search Click on Location,9,oneFirst,,,,,163,Right,163,Right,Spreadsheet1,Spreadsheet1,7,1,1,Screen 3,Zone1,continue_button,1516.3999999999069,,,,,0,1,0,,,,,2,Task_paced,Image5_three.PNG,3,Find three Ys within 10 seconds
17,1642076572882,13/01/2022 12:22:52,1642076571869,0,13/01/2022 12:22:51,53563,21,task-3u5y,,18489380,BLIND,5470308,,complete,,,computer,Desktop or Laptop,Windows 10,Edge 97.0.1072.55,1280x720,1280x720,,Visual Search Click on Location,9,oneFirst,,,,,163,Right,163,Right,Spreadsheet1,Spreadsheet1,7,1,2,Screen 1,fixation,fixation,449.91599999999744,,,,,0,1,0,,,,,2,Task_paced,Image5_three.PNG,3,Find three Ys within 10 seconds
18,1642076574609,13/01/2022 12:22:54,1642076574033,0,13/01/2022 12:22:54,53563,21,task-3u5y,,18489380,BLIND,5470308,,complete,,,computer,Desktop or Laptop,Windows 10,Edge 97.0.1072.55,1280x720,1280x720,,Visual Search Click on Location,9,oneFirst,,,,,163,Right,163,Right,Spreadsheet1,Spreadsheet1,7,1,3,Screen 2,advancementZone,click_painting,2158.600000000093,,,click,1,0,1,0,353,34,,,2,Task_paced,Image5_three.PNG,3,Find three Ys within 10 seconds
19,1642076576229,13/01/2022 12:22:56,1642076575621,0,13/01/2022 12:22:55,53563,21,task-3u5y,,18489380,BLIND,5470308,,complete,,,computer,Desktop or Laptop,Windows 10,Edge 97.0.1072.55,1280x720,1280x720,,Visual Search Click on Location,9,oneFirst,,,,,163,Right,163,Right,Spreadsheet1,Spreadsheet1,7,1,3,Screen 2,advancementZone,click_painting,3746,,,click,2,0,1,0,418,151,,,2,Task_paced,Image5_three.PNG,3,Find three Ys within 10 seconds
20,1642076577814,13/01/2022 12:22:57,1642076577238,0,13/01/2022 12:22:57,53563,21,task-3u5y,,18489380,BLIND,5470308,,complete,,,computer,Desktop or Laptop,Windows 10,Edge 97.0.1072.55,1280x720,1280x720,,Visual Search Click on Location,9,oneFirst,,,,,163,Right,163,Right,Spreadsheet1,Spreadsheet1,7,1,3,Screen 2,advancementZone,click_painting,5362.799999999814,,,click,3,0,1,0,98,174,,,2,Task_paced,Image5_three.PNG,3,Find three Ys within 10 seconds
21,1642076578104,13/01/2022 12:22:58,1642076577486,0,13/01/2022 12:22:57,53563,21,task-3u5y,,18489380,BLIND,5470308,,complete,,,computer,Desktop or Laptop,Windows 10,Edge 97.0.1072.55,1280x720,1280x720,,Visual Search Click on Location,9,oneFirst,,,,,163,Right,163,Right,Spreadsheet1,Spreadsheet1,7,1,3,Screen 2,advancementZone,click_painting,5608.199999999721,,,click limit reached,3,0,1,0,,,,,2,Task_paced,Image5_three.PNG,3,Find three Ys within 10 seconds
22,1642076579585,13/01/2022 12:22:59,1642076579010,0,13/01/2022 12:22:59,53563,21,task-3u5y,,18489380,BLIND,5470308,,complete,,,computer,Desktop or Laptop,Windows 10,Edge 97.0.1072.55,1280x720,1280x720,,Visual Search Click on Location,9,oneFirst,,,,,163,Right,163,Right,Spreadsheet1,Spreadsheet1,8,2,1,Screen 3,Zone1,continue_button,1513.3000000002794,,,,,0,1,0,,,,,2,Task_paced,Image6_many.PNG,10,Find as many Ys as you can within 10 seconds
23,1642076580022,13/01/2022 12:23:00,1642076579450,0,13/01/2022 12:22:59,53563,21,task-3u5y,,18489380,BLIND,5470308,,complete,,,computer,Desktop or Laptop,Windows 10,Edge 97.0.1072.55,1280x720,1280x720,,Visual Search Click on Location,9,oneFirst,,,,,163,Right,163,Right,Spreadsheet1,Spreadsheet1,8,2,2,Screen 1,fixation,fixation,449.77900000000227,,,,,0,1,0,,,,,2,Task_paced,Image6_many.PNG,10,Find as many Ys as you can within 10 seconds
24,1642076581870,13/01/2022 12:23:01,1642076581300,0,13/01/2022 12:23:01,53563,21,task-3u5y,,18489380,BLIND,5470308,,complete,,,computer,Desktop or Laptop,Windows 10,Edge 97.0.1072.55,1280x720,1280x720,,Visual Search Click on Location,9,oneFirst,,,,,163,Right,163,Right,Spreadsheet1,Spreadsheet1,8,2,3,Screen 2,advancementZone,click_painting,1841.2999999998137,,,click,1,0,1,0,161,53,,,2,Task_paced,Image6_many.PNG,10,Find as many Ys as you can within 10 seconds
25,1642076582979,13/01/2022 12:23:02,1642076582414,0,13/01/2022 12:23:02,53563,21,task-3u5y,,18489380,BLIND,5470308,,complete,,,computer,Desktop or Laptop,Windows 10,Edge 97.0.1072.55,1280x720,1280x720,,Visual Search Click on Location,9,oneFirst,,,,,163,Right,163,Right,Spreadsheet1,Spreadsheet1,8,2,3,Screen 2,advancementZone,click_painting,2955.399999999907,,,click,2,0,1,0,100,172,,,2,Task_paced,Image6_many.PNG,10,Find as many Ys as you can within 10 seconds
26,1642076585587,13/01/2022 12:23:05,1642076585009,0,13/01/2022 12:23:05,53563,21,task-3u5y,,18489380,BLIND,5470308,,complete,,,computer,Desktop or Laptop,Windows 10,Edge 97.0.1072.55,1280x720,1280x720,,Visual Search Click on Location,9,oneFirst,,,,,163,Right,163,Right,Spreadsheet1,Spreadsheet1,8,2,3,Screen 2,advancementZone,click_painting,5549.899999999907,,,click,3,0,1,0,417,154,,,2,Task_paced,Image6_many.PNG,10,Find as many Ys as you can within 10 seconds
27,1642076587372,13/01/2022 12:23:07,1642076586724,0,13/01/2022 12:23:06,53563,21,task-3u5y,,18489380,BLIND,5470308,,complete,,,computer,Desktop or Laptop,Windows 10,Edge 97.0.1072.55,1280x720,1280x720,,Visual Search Click on Location,9,oneFirst,,,,,163,Right,163,Right,Spreadsheet1,Spreadsheet1,8,2,3,Screen 2,advancementZone,click_painting,7265.199999999721,,,click,4,0,1,0,483,93,,,2,Task_paced,Image6_many.PNG,10,Find as many Ys as you can within 10 seconds
28,1642076589259,13/01/2022 12:23:09,1642076588538,0,13/01/2022 12:23:08,53563,21,task-3u5y,,18489380,BLIND,5470308,,complete,,,computer,Desktop or Laptop,Windows 10,Edge 97.0.1072.55,1280x720,1280x720,,Visual Search Click on Location,9,oneFirst,,,,,163,Right,163,Right,Spreadsheet1,Spreadsheet1,8,2,3,Screen 2,advancementZone,click_painting,9079.899999999907,,,click,5,0,1,0,350,27,,,2,Task_paced,Image6_many.PNG,10,Find as many Ys as you can within 10 seconds
29,1642076590257,13/01/2022 12:23:10,1642076589449,0,13/01/2022 12:23:09,53563,21,task-3u5y,,18489380,BLIND,5470308,,complete,,,computer,Desktop or Laptop,Windows 10,Edge 97.0.1072.55,1280x720,1280x720,,Visual Search Click on Location,9,oneFirst,,,,,163,Right,163,Right,Spreadsheet1,Spreadsheet1,8,2,3,Screen 2,Zone1,timelimit_screen,9996.068,,,,,0,1,0,,,1,,2,Task_paced,Image6_many.PNG,10,Find as many Ys as you can within 10 seconds
30,1642076591791,13/01/2022 12:23:11,1642076591047,0,13/01/2022 12:23:11,53563,21,task-3u5y,,18489380,BLIND,5470308,,complete,,,computer,Desktop or Laptop,Windows 10,Edge 97.0.1072.55,1280x720,1280x720,,Visual Search Click on Location,9,oneFirst,,,,,163,Right,163,Right,Spreadsheet1,Spreadsheet1,9,1,1,Screen 1,advancementZone,continue_button,1584.5,,,,,0,1,0,,,,,,End,,,
31,1642076593022,13/01/2022 12:23:13,1642076591050,0,13/01/2022 12:23:11,53563,21,task-3u5y,,18489380,BLIND,5470308,,complete,,,computer,Desktop or Laptop,Windows 10,Edge 97.0.1072.55,1280x720,1280x720,,Visual Search Click on Location,9,oneFirst,,,,,163,Right,163,Right,Spreadsheet1,,,END TASK,,,,,58780,,,,,0,1,0,,,,,,,,,
1,1641068004739,01/01/2022 20:13:24,1641068063990,0,01/01/2022 20:14:23,53563,21,task-3u5y,,18257223,BLIND,5409261,,complete,,,computer,Desktop or Laptop,Windows 10,Chrome 96.0.4664.45,1366x768,1366x768,,Visual Search Click on Location,9,oneFirst,,,,,157,Right,157,Right,Spreadsheet1,,,BEGIN TASK,,,,,,,,,,0,1,0,,,,,,,,,
2,1641072830046,01/01/2022 21:33:50,1641072829435,0,01/01/2022 21:33:49,53563,21,task-3u5y,,18257223,BLIND,5409261,,complete,,,computer,Desktop or Laptop,Windows 10,Chrome 96.0.4664.45,1366x768,1366x657,,Visual Search Click on Location,9,oneFirst,,,,,157,Right,157,Right,Spreadsheet1,,,BEGIN TASK,,,,,,,,,,0,1,0,,,,,,,,,
3,1641072891767,01/01/2022 21:34:51,1641072891166,0,01/01/2022 21:34:51,53563,21,task-3u5y,,18257223,BLIND,5409261,,complete,,,computer,Desktop or Laptop,Windows 10,Chrome 96.0.4664.45,1366x768,1366x657,,Visual Search Click on Location,9,oneFirst,,,,,157,Right,157,Right,Spreadsheet1,Spreadsheet1,1,1,1,Screen 1,advancementZone,continue_button,61378.29999999993,,,,,0,1,0,,,,,,Instructions,,,
4,1641072892222,01/01/2022 21:34:52,1641072891607,0,01/01/2022 21:34:51,53563,21,task-3u5y,,18257223,BLIND,5409261,,complete,,,computer,Desktop or Laptop,Windows 10,Chrome 96.0.4664.45,1366x768,1366x657,,Visual Search Click on Location,9,oneFirst,,,,,157,Right,157,Right,Spreadsheet1,Spreadsheet1,4,1,1,Screen 2,fixation,fixation,449.97699999999895,,,,,0,1,0,,,,,1,Task,Image3.PNG,1,
5,1641072900565,01/01/2022 21:35:00,1641072899931,0,01/01/2022 21:34:59,53563,21,task-3u5y,,18257223,BLIND,5409261,,complete,,,computer,Desktop or Laptop,Windows 10,Chrome 96.0.4664.45,1366x768,1366x657,,Visual Search Click on Location,9,oneFirst,,,,,157,Right,157,Right,Spreadsheet1,Spreadsheet1,4,1,2,Screen 1,advancementZone,click_painting,8289.400000000023,,,click,1,0,1,0,612,250,,,1,Task,Image3.PNG,1,
6,1641072900769,01/01/2022 21:35:00,1641072900172,0,01/01/2022 21:35:00,53563,21,task-3u5y,,18257223,BLIND,5409261,,complete,,,computer,Desktop or Laptop,Windows 10,Chrome 96.0.4664.45,1366x768,1366x657,,Visual Search Click on Location,9,oneFirst,,,,,157,Right,157,Right,Spreadsheet1,Spreadsheet1,4,1,2,Screen 1,advancementZone,click_painting,8529.300000000047,,,click limit reached,1,0,1,0,,,,,1,Task,Image3.PNG,1,
7,1641072901227,01/01/2022 21:35:01,1641072900622,0,01/01/2022 21:35:00,53563,21,task-3u5y,,18257223,BLIND,5409261,,complete,,,computer,Desktop or Laptop,Windows 10,Chrome 96.0.4664.45,1366x768,1366x657,,Visual Search Click on Location,9,oneFirst,,,,,157,Right,157,Right,Spreadsheet1,Spreadsheet1,3,2,1,Screen 2,fixation,fixation,449.9860000000044,,,,,0,1,0,,,,,1,Task,Image2.PNG,1,
8,1641072907111,01/01/2022 21:35:07,1641072906509,0,01/01/2022 21:35:06,53563,21,task-3u5y,,18257223,BLIND,5409261,,complete,,,computer,Desktop or Laptop,Windows 10,Chrome 96.0.4664.45,1366x768,1366x657,,Visual Search Click on Location,9,oneFirst,,,,,157,Right,157,Right,Spreadsheet1,Spreadsheet1,3,2,2,Screen 1,advancementZone,click_painting,5869.099999999977,,,click,1,0,1,0,153,214,,,1,Task,Image2.PNG,1,
9,1641072907394,01/01/2022 21:35:07,1641072906754,0,01/01/2022 21:35:06,53563,21,task-3u5y,,18257223,BLIND,5409261,,complete,,,computer,Desktop or Laptop,Windows 10,Chrome 96.0.4664.45,1366x768,1366x657,,Visual Search Click on Location,9,oneFirst,,,,,157,Right,157,Right,Spreadsheet1,Spreadsheet1,3,2,2,Screen 1,advancementZone,click_painting,6114.300000000047,,,click limit reached,1,0,1,0,,,,,1,Task,Image2.PNG,1,
10,1641072907803,01/01/2022 21:35:07,1641072907204,0,01/01/2022 21:35:07,53563,21,task-3u5y,,18257223,BLIND,5409261,,complete,,,computer,Desktop or Laptop,Windows 10,Chrome 96.0.4664.45,1366x768,1366x657,,Visual Search Click on Location,9,oneFirst,,,,,157,Right,157,Right,Spreadsheet1,Spreadsheet1,5,3,1,Screen 2,fixation,fixation,449.9869999999937,,,,,0,1,0,,,,,1,Task,Image4.PNG,1,
11,1641072912538,01/01/2022 21:35:12,1641072911901,0,01/01/2022 21:35:11,53563,21,task-3u5y,,18257223,BLIND,5409261,,complete,,,computer,Desktop or Laptop,Windows 10,Chrome 96.0.4664.45,1366x768,1366x657,,Visual Search Click on Location,9,oneFirst,,,,,157,Right,157,Right,Spreadsheet1,Spreadsheet1,5,3,2,Screen 1,advancementZone,click_painting,4677.100000000093,,,click,1,0,1,0,479,93,,,1,Task,Image4.PNG,1,
12,1641072912730,01/01/2022 21:35:12,1641072912138,0,01/01/2022 21:35:12,53563,21,task-3u5y,,18257223,BLIND,5409261,,complete,,,computer,Desktop or Laptop,Windows 10,Chrome 96.0.4664.45,1366x768,1366x657,,Visual Search Click on Location,9,oneFirst,,,,,157,Right,157,Right,Spreadsheet1,Spreadsheet1,5,3,2,Screen 1,advancementZone,click_painting,4914,,,click limit reached,1,0,1,0,,,,,1,Task,Image4.PNG,1,
13,1641072913183,01/01/2022 21:35:13,1641072912587,0,01/01/2022 21:35:12,53563,21,task-3u5y,,18257223,BLIND,5409261,,complete,,,computer,Desktop or Laptop,Windows 10,Chrome 96.0.4664.45,1366x768,1366x657,,Visual Search Click on Location,9,oneFirst,,,,,157,Right,157,Right,Spreadsheet1,Spreadsheet1,2,4,1,Screen 2,fixation,fixation,450,,,,,0,1,0,,,,,1,Task,Image1.PNG,1,
14,1641072914735,01/01/2022 21:35:14,1641072914128,0,01/01/2022 21:35:14,53563,21,task-3u5y,,18257223,BLIND,5409261,,complete,,,computer,Desktop or Laptop,Windows 10,Chrome 96.0.4664.45,1366x768,1366x657,,Visual Search Click on Location,9,oneFirst,,,,,157,Right,157,Right,Spreadsheet1,Spreadsheet1,2,4,2,Screen 1,advancementZone,click_painting,1524.7000000000698,,,click,1,0,1,0,490,118,,,1,Task,Image1.PNG,1,
15,1641072915011,01/01/2022 21:35:15,1641072914384,0,01/01/2022 21:35:14,53563,21,task-3u5y,,18257223,BLIND,5409261,,complete,,,computer,Desktop or Laptop,Windows 10,Chrome 96.0.4664.45,1366x768,1366x657,,Visual Search Click on Location,9,oneFirst,,,,,157,Right,157,Right,Spreadsheet1,Spreadsheet1,2,4,2,Screen 1,advancementZone,click_painting,1780,,,click limit reached,1,0,1,0,,,,,1,Task,Image1.PNG,1,
16,1641072920420,01/01/2022 21:35:20,1641072919824,0,01/01/2022 21:35:19,53563,21,task-3u5y,,18257223,BLIND,5409261,,complete,,,computer,Desktop or Laptop,Windows 10,Chrome 96.0.4664.45,1366x768,1366x657,,Visual Search Click on Location,9,oneFirst,,,,,157,Right,157,Right,Spreadsheet1,Spreadsheet1,6,1,1,Screen 1,advancementZone,continue_button,5328.099999999977,,,,,0,1,0,,,,,,Break,,,
17,1641072923327,01/01/2022 21:35:23,1641072922735,0,01/01/2022 21:35:22,53563,21,task-3u5y,,18257223,BLIND,5409261,,complete,,,computer,Desktop or Laptop,Windows 10,Chrome 96.0.4664.45,1366x768,1366x657,,Visual Search Click on Location,9,oneFirst,,,,,157,Right,157,Right,Spreadsheet1,Spreadsheet1,8,1,1,Screen 3,Zone1,continue_button,2799,,,,,0,1,0,,,,,2,Task_paced,Image6_many.PNG,10,Find as many Ys as you can within 10 seconds
18,1641072923800,01/01/2022 21:35:23,1641072923172,0,01/01/2022 21:35:23,53563,21,task-3u5y,,18257223,BLIND,5409261,,complete,,,computer,Desktop or Laptop,Windows 10,Chrome 96.0.4664.45,1366x768,1366x657,,Visual Search Click on Location,9,oneFirst,,,,,157,Right,157,Right,Spreadsheet1,Spreadsheet1,8,1,2,Screen 1,fixation,fixation,450.0989999999874,,,,,0,1,0,,,,,2,Task_paced,Image6_many.PNG,10,Find as many Ys as you can within 10 seconds
19,1641072925924,01/01/2022 21:35:25,1641072925324,0,01/01/2022 21:35:25,53563,21,task-3u5y,,18257223,BLIND,5409261,,complete,,,computer,Desktop or Laptop,Windows 10,Chrome 96.0.4664.45,1366x768,1366x657,,Visual Search Click on Location,9,oneFirst,,,,,157,Right,157,Right,Spreadsheet1,Spreadsheet1,8,1,3,Screen 2,advancementZone,click_painting,2130.399999999907,,,click,1,0,1,0,99,171,,,2,Task_paced,Image6_many.PNG,10,Find as many Ys as you can within 10 seconds
20,1641072927433,01/01/2022 21:35:27,1641072926835,0,01/01/2022 21:35:26,53563,21,task-3u5y,,18257223,BLIND,5409261,,complete,,,computer,Desktop or Laptop,Windows 10,Chrome 96.0.4664.45,1366x768,1366x657,,Visual Search Click on Location,9,oneFirst,,,,,157,Right,157,Right,Spreadsheet1,Spreadsheet1,8,1,3,Screen 2,advancementZone,click_painting,3641.1999999999534,,,click,2,0,1,0,163,52,,,2,Task_paced,Image6_many.PNG,10,Find as many Ys as you can within 10 seconds
21,1641072931579,01/01/2022 21:35:31,1641072930531,0,01/01/2022 21:35:30,53563,21,task-3u5y,,18257223,BLIND,5409261,,complete,,,computer,Desktop or Laptop,Windows 10,Chrome 96.0.4664.45,1366x768,1366x657,,Visual Search Click on Location,9,oneFirst,,,,,157,Right,157,Right,Spreadsheet1,Spreadsheet1,8,1,3,Screen 2,advancementZone,click_painting,7337.099999999977,,,click,3,0,1,0,481,98,,,2,Task_paced,Image6_many.PNG,10,Find as many Ys as you can within 10 seconds
22,1641072932518,01/01/2022 21:35:32,1641072931926,0,01/01/2022 21:35:31,53563,21,task-3u5y,,18257223,BLIND,5409261,,complete,,,computer,Desktop or Laptop,Windows 10,Chrome 96.0.4664.45,1366x768,1366x657,,Visual Search Click on Location,9,oneFirst,,,,,157,Right,157,Right,Spreadsheet1,Spreadsheet1,8,1,3,Screen 2,advancementZone,click_painting,8732.79999999993,,,click,4,0,1,0,415,152,,,2,Task_paced,Image6_many.PNG,10,Find as many Ys as you can within 10 seconds
23,1641072934994,01/01/2022 21:35:34,1641072933175,0,01/01/2022 21:35:33,53563,21,task-3u5y,,18257223,BLIND,5409261,,complete,,,computer,Desktop or Laptop,Windows 10,Chrome 96.0.4664.45,1366x768,1366x657,,Visual Search Click on Location,9,oneFirst,,,,,157,Right,157,Right,Spreadsheet1,Spreadsheet1,8,1,3,Screen 2,Zone1,timelimit_screen,9999.381000000008,,,,,0,1,0,,,1,,2,Task_paced,Image6_many.PNG,10,Find as many Ys as you can within 10 seconds
24,1641072938114,01/01/2022 21:35:38,1641072937503,0,01/01/2022 21:35:37,53563,21,task-3u5y,,18257223,BLIND,5409261,,complete,,,computer,Desktop or Laptop,Windows 10,Chrome 96.0.4664.45,1366x768,1366x657,,Visual Search Click on Location,9,oneFirst,,,,,157,Right,157,Right,Spreadsheet1,Spreadsheet1,7,2,1,Screen 3,Zone1,continue_button,4295.300000000047,,,,,0,1,0,,,,,2,Task_paced,Image5_three.PNG,3,Find three Ys within 10 seconds
25,1641072938538,01/01/2022 21:35:38,1641072937937,0,01/01/2022 21:35:37,53563,21,task-3u5y,,18257223,BLIND,5409261,,complete,,,computer,Desktop or Laptop,Windows 10,Chrome 96.0.4664.45,1366x768,1366x657,,Visual Search Click on Location,9,oneFirst,,,,,157,Right,157,Right,Spreadsheet1,Spreadsheet1,7,2,2,Screen 1,fixation,fixation,450.1399999999994,,,,,0,1,0,,,,,2,Task_paced,Image5_three.PNG,3,Find three Ys within 10 seconds
26,1641072941338,01/01/2022 21:35:41,1641072940730,0,01/01/2022 21:35:40,53563,21,task-3u5y,,18257223,BLIND,5409261,,complete,,,computer,Desktop or Laptop,Windows 10,Chrome 96.0.4664.45,1366x768,1366x657,,Visual Search Click on Location,9,oneFirst,,,,,157,Right,157,Right,Spreadsheet1,Spreadsheet1,7,2,3,Screen 2,advancementZone,click_painting,2772.5,,,click,1,0,1,0,416,147,,,2,Task_paced,Image5_three.PNG,3,Find three Ys within 10 seconds
27,1641072942646,01/01/2022 21:35:42,1641072942047,0,01/01/2022 21:35:42,53563,21,task-3u5y,,18257223,BLIND,5409261,,complete,,,computer,Desktop or Laptop,Windows 10,Chrome 96.0.4664.45,1366x768,1366x657,,Visual Search Click on Location,9,oneFirst,,,,,157,Right,157,Right,Spreadsheet1,Spreadsheet1,7,2,3,Screen 2,advancementZone,click_painting,4089.5,,,click,2,0,1,0,354,27,,,2,Task_paced,Image5_three.PNG,3,Find three Ys within 10 seconds
28,1641072947334,01/01/2022 21:35:47,1641072946738,0,01/01/2022 21:35:46,53563,21,task-3u5y,,18257223,BLIND,5409261,,complete,,,computer,Desktop or Laptop,Windows 10,Chrome 96.0.4664.45,1366x768,1366x657,,Visual Search Click on Location,9,oneFirst,,,,,157,Right,157,Right,Spreadsheet1,Spreadsheet1,7,2,3,Screen 2,advancementZone,click_painting,8779.900000000023,,,click,3,0,1,0,102,166,,,2,Task_paced,Image5_three.PNG,3,Find three Ys within 10 seconds
29,1641072947583,01/01/2022 21:35:47,1641072946979,0,01/01/2022 21:35:46,53563,21,task-3u5y,,18257223,BLIND,5409261,,complete,,,computer,Desktop or Laptop,Windows 10,Chrome 96.0.4664.45,1366x768,1366x657,,Visual Search Click on Location,9,oneFirst,,,,,157,Right,157,Right,Spreadsheet1,Spreadsheet1,7,2,3,Screen 2,advancementZone,click_painting,9021,,,click limit reached,3,0,1,0,,,,,2,Task_paced,Image5_three.PNG,3,Find three Ys within 10 seconds
30,1641072950500,01/01/2022 21:35:50,1641072949891,0,01/01/2022 21:35:49,53563,21,task-3u5y,,18257223,BLIND,5409261,,complete,,,computer,Desktop or Laptop,Windows 10,Chrome 96.0.4664.45,1366x768,1366x657,,Visual Search Click on Location,9,oneFirst,,,,,157,Right,157,Right,Spreadsheet1,Spreadsheet1,9,1,1,Screen 1,advancementZone,continue_button,2884.3000000000466,,,,,0,1,0,,,,,,End,,,
31,1641072950561,01/01/2022 21:35:50,1641072949906,0,01/01/2022 21:35:49,53563,21,task-3u5y,,18257223,BLIND,5409261,,complete,,,computer,Desktop or Laptop,Windows 10,Chrome 96.0.4664.45,1366x768,1366x657,,Visual Search Click on Location,9,oneFirst,,,,,157,Right,157,Right,Spreadsheet1,,,END TASK,,,,,120471,,,,,0,1,0,,,,,,,,,
1,1640818171307,29/12/2021 22:49:31,1640818170609,0,29/12/2021 22:49:30,53563,21,task-3u5y,,18241300,BLIND,5389739,,complete,,,computer,Desktop or Laptop,Chromium OS 14268.67.0,Chrome 96.0.4664.111,1536x864,1024x497,,Visual Search Click on Location,9,oneFirst,,,,,183,Right,183,Right,Spreadsheet1,,,BEGIN TASK,,,,,,,,,,0,1,0,,,,,,,,,
2,1640818176427,29/12/2021 22:49:36,1640818175765,0,29/12/2021 22:49:35,53563,21,task-3u5y,,18241300,BLIND,5389739,,complete,,,computer,Desktop or Laptop,Chromium OS 14268.67.0,Chrome 96.0.4664.111,1536x864,1024x497,,Visual Search Click on Location,9,oneFirst,,,,,183,Right,183,Right,Spreadsheet1,Spreadsheet1,1,1,1,Screen 1,advancementZone,continue_button,5108.100000000093,,,,,0,1,0,,,,,,Instructions,,,
3,1640818176872,29/12/2021 22:49:36,1640818176209,0,29/12/2021 22:49:36,53563,21,task-3u5y,,18241300,BLIND,5389739,,complete,,,computer,Desktop or Laptop,Chromium OS 14268.67.0,Chrome 96.0.4664.111,1536x864,1024x497,,Visual Search Click on Location,9,oneFirst,,,,,183,Right,183,Right,Spreadsheet1,Spreadsheet1,2,1,1,Screen 2,fixation,fixation,449.84000000000015,,,,,0,1,0,,,,,1,Task,Image1.PNG,1,
4,1640818191000,29/12/2021 22:49:51,1640818190354,0,29/12/2021 22:49:50,53563,21,task-3u5y,,18241300,BLIND,5389739,,complete,,,computer,Desktop or Laptop,Chromium OS 14268.67.0,Chrome 96.0.4664.111,1536x864,1024x497,,Visual Search Click on Location,9,oneFirst,,,,,183,Right,183,Right,Spreadsheet1,Spreadsheet1,2,1,2,Screen 1,advancementZone,click_painting,14125.399999999907,,,click,1,0,1,0,489,128,,,1,Task,Image1.PNG,1,
5,1640818191224,29/12/2021 22:49:51,1640818190587,0,29/12/2021 22:49:50,53563,21,task-3u5y,,18241300,BLIND,5389739,,complete,,,computer,Desktop or Laptop,Chromium OS 14268.67.0,Chrome 96.0.4664.111,1536x864,1024x497,,Visual Search Click on Location,9,oneFirst,,,,,183,Right,183,Right,Spreadsheet1,Spreadsheet1,2,1,2,Screen 1,advancementZone,click_painting,14358.399999999907,,,click limit reached,1,0,1,0,,,,,1,Task,Image1.PNG,1,
6,1640818191705,29/12/2021 22:49:51,1640818191037,0,29/12/2021 22:49:51,53563,21,task-3u5y,,18241300,BLIND,5389739,,complete,,,computer,Desktop or Laptop,Chromium OS 14268.67.0,Chrome 96.0.4664.111,1536x864,1024x497,,Visual Search Click on Location,9,oneFirst,,,,,183,Right,183,Right,Spreadsheet1,Spreadsheet1,3,2,1,Screen 2,fixation,fixation,449.8470000000016,,,,,0,1,0,,,,,1,Task,Image2.PNG,1,
7,1640818198947,29/12/2021 22:49:58,1640818198297,0,29/12/2021 22:49:58,53563,21,task-3u5y,,18241300,BLIND,5389739,,complete,,,computer,Desktop or Laptop,Chromium OS 14268.67.0,Chrome 96.0.4664.111,1536x864,1024x497,,Visual Search Click on Location,9,oneFirst,,,,,183,Right,183,Right,Spreadsheet1,Spreadsheet1,3,2,2,Screen 1,advancementZone,click_painting,7252.899999999907,,,click,1,0,1,0,158,214,,,1,Task,Image2.PNG,1,
8,1640818199171,29/12/2021 22:49:59,1640818198534,0,29/12/2021 22:49:58,53563,21,task-3u5y,,18241300,BLIND,5389739,,complete,,,computer,Desktop or Laptop,Chromium OS 14268.67.0,Chrome 96.0.4664.111,1536x864,1024x497,,Visual Search Click on Location,9,oneFirst,,,,,183,Right,183,Right,Spreadsheet1,Spreadsheet1,3,2,2,Screen 1,advancementZone,click_painting,7490.200000000186,,,click limit reached,1,0,1,0,,,,,1,Task,Image2.PNG,1,
9,1640818199628,29/12/2021 22:49:59,1640818198984,0,29/12/2021 22:49:58,53563,21,task-3u5y,,18241300,BLIND,5389739,,complete,,,computer,Desktop or Laptop,Chromium OS 14268.67.0,Chrome 96.0.4664.111,1536x864,1024x497,,Visual Search Click on Location,9,oneFirst,,,,,183,Right,183,Right,Spreadsheet1,Spreadsheet1,4,3,1,Screen 2,fixation,fixation,449.85099999999875,,,,,0,1,0,,,,,1,Task,Image3.PNG,1,
10,1640818217246,29/12/2021 22:50:17,1640818216609,0,29/12/2021 22:50:16,53563,21,task-3u5y,,18241300,BLIND,5389739,,complete,,,computer,Desktop or Laptop,Chromium OS 14268.67.0,Chrome 96.0.4664.111,1536x864,1024x497,,Visual Search Click on Location,9,oneFirst,,,,,183,Right,183,Right,Spreadsheet1,Spreadsheet1,4,3,2,Screen 1,advancementZone,click_painting,17616.80000000028,,,click,1,0,1,0,605,252,,,1,Task,Image3.PNG,1,
11,1640818217492,29/12/2021 22:50:17,1640818216845,0,29/12/2021 22:50:16,53563,21,task-3u5y,,18241300,BLIND,5389739,,complete,,,computer,Desktop or Laptop,Chromium OS 14268.67.0,Chrome 96.0.4664.111,1536x864,1024x497,,Visual Search Click on Location,9,oneFirst,,,,,183,Right,183,Right,Spreadsheet1,Spreadsheet1,4,3,2,Screen 1,advancementZone,click_painting,17852.200000000186,,,click limit reached,1,0,1,0,,,,,1,Task,Image3.PNG,1,
12,1640818217934,29/12/2021 22:50:17,1640818217295,0,29/12/2021 22:50:17,53563,21,task-3u5y,,18241300,BLIND,5389739,,complete,,,computer,Desktop or Laptop,Chromium OS 14268.67.0,Chrome 96.0.4664.111,1536x864,1024x497,,Visual Search Click on Location,9,oneFirst,,,,,183,Right,183,Right,Spreadsheet1,Spreadsheet1,5,4,1,Screen 2,fixation,fixation,449.846000000005,,,,,0,1,0,,,,,1,Task,Image4.PNG,1,
13,1640818231921,29/12/2021 22:50:31,1640818231286,0,29/12/2021 22:50:31,53563,21,task-3u5y,,18241300,BLIND,5389739,,complete,,,computer,Desktop or Laptop,Chromium OS 14268.67.0,Chrome 96.0.4664.111,1536x864,1024x497,,Visual Search Click on Location,9,oneFirst,,,,,183,Right,183,Right,Spreadsheet1,Spreadsheet1,5,4,2,Screen 1,advancementZone,click_painting,13984.5,,,click,1,0,1,0,480,91,,,1,Task,Image4.PNG,1,
14,1640818232189,29/12/2021 22:50:32,1640818231523,0,29/12/2021 22:50:31,53563,21,task-3u5y,,18241300,BLIND,5389739,,complete,,,computer,Desktop or Laptop,Chromium OS 14268.67.0,Chrome 96.0.4664.111,1536x864,1024x497,,Visual Search Click on Location,9,oneFirst,,,,,183,Right,183,Right,Spreadsheet1,Spreadsheet1,5,4,2,Screen 1,advancementZone,click_painting,14221.700000000186,,,click limit reached,1,0,1,0,,,,,1,Task,Image4.PNG,1,
15,1640818234293,29/12/2021 22:50:34,1640818233636,0,29/12/2021 22:50:33,53563,21,task-3u5y,,18241300,BLIND,5389739,,complete,,,computer,Desktop or Laptop,Chromium OS 14268.67.0,Chrome 96.0.4664.111,1536x864,1024x497,,Visual Search Click on Location,9,oneFirst,,,,,183,Right,183,Right,Spreadsheet1,Spreadsheet1,6,1,1,Screen 1,advancementZone,continue_button,2092.5,,,,,0,1,0,,,,,,Break,,,
16,1640818235659,29/12/2021 22:50:35,1640818235023,0,29/12/2021 22:50:35,53563,21,task-3u5y,,18241300,BLIND,5389739,,complete,,,computer,Desktop or Laptop,Chromium OS 14268.67.0,Chrome 96.0.4664.111,1536x864,1024x497,,Visual Search Click on Location,9,oneFirst,,,,,183,Right,183,Right,Spreadsheet1,Spreadsheet1,7,1,1,Screen 3,Zone1,continue_button,1368.0999999996275,,,,,0,1,0,,,,,2,Task_paced,Image5_three.PNG,3,Find three Ys within 10 seconds
17,1640818236094,29/12/2021 22:50:36,1640818235455,0,29/12/2021 22:50:35,53563,21,task-3u5y,,18241300,BLIND,5389739,,complete,,,computer,Desktop or Laptop,Chromium OS 14268.67.0,Chrome 96.0.4664.111,1536x864,1024x497,,Visual Search Click on Location,9,oneFirst,,,,,183,Right,183,Right,Spreadsheet1,Spreadsheet1,7,1,2,Screen 1,fixation,fixation,449.8420000000042,,,,,0,1,0,,,,,2,Task_paced,Image5_three.PNG,3,Find three Ys within 10 seconds
18,1640818238348,29/12/2021 22:50:38,1640818237706,0,29/12/2021 22:50:37,53563,21,task-3u5y,,18241300,BLIND,5389739,,complete,,,computer,Desktop or Laptop,Chromium OS 14268.67.0,Chrome 96.0.4664.111,1536x864,1024x497,,Visual Search Click on Location,9,oneFirst,,,,,183,Right,183,Right,Spreadsheet1,Spreadsheet1,7,1,3,Screen 2,advancementZone,click_painting,2241.7000000001863,,,click,1,0,1,0,420,148,,,2,Task_paced,Image5_three.PNG,3,Find three Ys within 10 seconds
19,1640818240721,29/12/2021 22:50:40,1640818240076,0,29/12/2021 22:50:40,53563,21,task-3u5y,,18241300,BLIND,5389739,,complete,,,computer,Desktop or Laptop,Chromium OS 14268.67.0,Chrome 96.0.4664.111,1536x864,1024x497,,Visual Search Click on Location,9,oneFirst,,,,,183,Right,183,Right,Spreadsheet1,Spreadsheet1,7,1,3,Screen 2,advancementZone,click_painting,4612,,,click,2,0,1,0,97,173,,,2,Task_paced,Image5_three.PNG,3,Find three Ys within 10 seconds
20,1640818242384,29/12/2021 22:50:42,1640818241744,0,29/12/2021 22:50:41,53563,21,task-3u5y,,18241300,BLIND,5389739,,complete,,,computer,Desktop or Laptop,Chromium OS 14268.67.0,Chrome 96.0.4664.111,1536x864,1024x497,,Visual Search Click on Location,9,oneFirst,,,,,183,Right,183,Right,Spreadsheet1,Spreadsheet1,7,1,3,Screen 2,advancementZone,click_painting,6280.299999999814,,,click,3,0,1,0,355,29,,,2,Task_paced,Image5_three.PNG,3,Find three Ys within 10 seconds
21,1640818242628,29/12/2021 22:50:42,1640818241988,0,29/12/2021 22:50:41,53563,21,task-3u5y,,18241300,BLIND,5389739,,complete,,,computer,Desktop or Laptop,Chromium OS 14268.67.0,Chrome 96.0.4664.111,1536x864,1024x497,,Visual Search Click on Location,9,oneFirst,,,,,183,Right,183,Right,Spreadsheet1,Spreadsheet1,7,1,3,Screen 2,advancementZone,click_painting,6521.899999999907,,,click limit reached,3,0,1,0,,,,,2,Task_paced,Image5_three.PNG,3,Find three Ys within 10 seconds
22,1640818244328,29/12/2021 22:50:44,1640818243682,0,29/12/2021 22:50:43,53563,21,task-3u5y,,18241300,BLIND,5389739,,complete,,,computer,Desktop or Laptop,Chromium OS 14268.67.0,Chrome 96.0.4664.111,1536x864,1024x497,,Visual Search Click on Location,9,oneFirst,,,,,183,Right,183,Right,Spreadsheet1,Spreadsheet1,8,2,1,Screen 3,Zone1,continue_button,1681.8999999999069,,,,,0,1,0,,,,,2,Task_paced,Image6_many.PNG,10,Find as many Ys as you can within 10 seconds
23,1640818244756,29/12/2021 22:50:44,1640818244119,0,29/12/2021 22:50:44,53563,21,task-3u5y,,18241300,BLIND,5389739,,complete,,,computer,Desktop or Laptop,Chromium OS 14268.67.0,Chrome 96.0.4664.111,1536x864,1024x497,,Visual Search Click on Location,9,oneFirst,,,,,183,Right,183,Right,Spreadsheet1,Spreadsheet1,8,2,2,Screen 1,fixation,fixation,449.8469999999943,,,,,0,1,0,,,,,2,Task_paced,Image6_many.PNG,10,Find as many Ys as you can within 10 seconds
24,1640818246884,29/12/2021 22:50:46,1640818246236,0,29/12/2021 22:50:46,53563,21,task-3u5y,,18241300,BLIND,5389739,,complete,,,computer,Desktop or Laptop,Chromium OS 14268.67.0,Chrome 96.0.4664.111,1536x864,1024x497,,Visual Search Click on Location,9,oneFirst,,,,,183,Right,183,Right,Spreadsheet1,Spreadsheet1,8,2,3,Screen 2,advancementZone,click_painting,2104.6999999997206,,,click,1,0,1,0,483,94,,,2,Task_paced,Image6_many.PNG,10,Find as many Ys as you can within 10 seconds
25,1640818247960,29/12/2021 22:50:47,1640818247320,0,29/12/2021 22:50:47,53563,21,task-3u5y,,18241300,BLIND,5389739,,complete,,,computer,Desktop or Laptop,Chromium OS 14268.67.0,Chrome 96.0.4664.111,1536x864,1024x497,,Visual Search Click on Location,9,oneFirst,,,,,183,Right,183,Right,Spreadsheet1,Spreadsheet1,8,2,3,Screen 2,advancementZone,click_painting,3189.1999999997206,,,click,2,0,1,0,422,154,,,2,Task_paced,Image6_many.PNG,10,Find as many Ys as you can within 10 seconds
26,1640818250247,29/12/2021 22:50:50,1640818249592,0,29/12/2021 22:50:49,53563,21,task-3u5y,,18241300,BLIND,5389739,,complete,,,computer,Desktop or Laptop,Chromium OS 14268.67.0,Chrome 96.0.4664.111,1536x864,1024x497,,Visual Search Click on Location,9,oneFirst,,,,,183,Right,183,Right,Spreadsheet1,Spreadsheet1,8,2,3,Screen 2,advancementZone,click_painting,5461.100000000093,,,click,3,0,1,0,159,49,,,2,Task_paced,Image6_many.PNG,10,Find as many Ys as you can within 10 seconds
27,1640818252520,29/12/2021 22:50:52,1640818251871,0,29/12/2021 22:50:51,53563,21,task-3u5y,,18241300,BLIND,5389739,,complete,,,computer,Desktop or Laptop,Chromium OS 14268.67.0,Chrome 96.0.4664.111,1536x864,1024x497,,Visual Search Click on Location,9,oneFirst,,,,,183,Right,183,Right,Spreadsheet1,Spreadsheet1,8,2,3,Screen 2,advancementZone,click_painting,7740.199999999721,,,click,4,0,1,0,103,166,,,2,Task_paced,Image6_many.PNG,10,Find as many Ys as you can within 10 seconds
28,1640818254780,29/12/2021 22:50:54,1640818254118,0,29/12/2021 22:50:54,53563,21,task-3u5y,,18241300,BLIND,5389739,,complete,,,computer,Desktop or Laptop,Chromium OS 14268.67.0,Chrome 96.0.4664.111,1536x864,1024x497,,Visual Search Click on Location,9,oneFirst,,,,,183,Right,183,Right,Spreadsheet1,Spreadsheet1,8,2,3,Screen 2,Zone1,timelimit_screen,9996.611000000004,,,,,0,1,0,,,1,,2,Task_paced,Image6_many.PNG,10,Find as many Ys as you can within 10 seconds
29,1640818256130,29/12/2021 22:50:56,1640818255477,0,29/12/2021 22:50:55,53563,21,task-3u5y,,18241300,BLIND,5389739,,complete,,,computer,Desktop or Laptop,Chromium OS 14268.67.0,Chrome 96.0.4664.111,1536x864,1024x497,,Visual Search Click on Location,9,oneFirst,,,,,183,Right,183,Right,Spreadsheet1,Spreadsheet1,9,1,1,Screen 1,advancementZone,continue_button,1348.5,,,,,0,1,0,,,,,,End,,,
30,1640818256239,29/12/2021 22:50:56,1640818255479,0,29/12/2021 22:50:55,53563,21,task-3u5y,,18241300,BLIND,5389739,,complete,,,computer,Desktop or Laptop,Chromium OS 14268.67.0,Chrome 96.0.4664.111,1536x864,1024x497,,Visual Search Click on Location,9,oneFirst,,,,,183,Right,183,Right,Spreadsheet1,,,END TASK,,,,,84870,,,,,0,1,0,,,,,,,,,
1,1640091452866,21/12/2021 12:57:32,1640091452727,0,21/12/2021 12:57:32,53563,21,task-3u5y,,18167083,BLIND,5361762,,complete,,,computer,Desktop or Laptop,Mac OS 10.15.7,Safari 15.1,1792x1120,1792x1040,,Visual Search Click on Location,9,oneFirst,,,,,183,Right,183,Right,Spreadsheet1,,,BEGIN TASK,,,,,,,,,,0,1,0,,,,,,,,,
2,1640091457262,21/12/2021 12:57:37,1640091457140,0,21/12/2021 12:57:37,53563,21,task-3u5y,,18167083,BLIND,5361762,,complete,,,computer,Desktop or Laptop,Mac OS 10.15.7,Safari 15.1,1792x1120,1792x1040,,Visual Search Click on Location,9,oneFirst,,,,,183,Right,183,Right,Spreadsheet1,Spreadsheet1,1,1,1,Screen 1,advancementZone,continue_button,4394,,,,,0,1,0,,,,,,Instructions,,,
3,1640091457703,21/12/2021 12:57:37,1640091457583,0,21/12/2021 12:57:37,53563,21,task-3u5y,,18167083,BLIND,5361762,,complete,,,computer,Desktop or Laptop,Mac OS 10.15.7,Safari 15.1,1792x1120,1792x1040,,Visual Search Click on Location,9,oneFirst,,,,,183,Right,183,Right,Spreadsheet1,Spreadsheet1,3,1,1,Screen 2,fixation,fixation,451,,,,,0,1,0,,,,,1,Task,Image2.PNG,1,
4,1640091462960,21/12/2021 12:57:42,1640091462848,0,21/12/2021 12:57:42,53563,21,task-3u5y,,18167083,BLIND,5361762,,complete,,,computer,Desktop or Laptop,Mac OS 10.15.7,Safari 15.1,1792x1120,1792x1040,,Visual Search Click on Location,9,oneFirst,,,,,183,Right,183,Right,Spreadsheet1,Spreadsheet1,3,1,2,Screen 1,advancementZone,click_painting,5261,,,click,1,0,1,0,151,208,,,1,Task,Image2.PNG,1,
5,1640091463187,21/12/2021 12:57:43,1640091463090,0,21/12/2021 12:57:43,53563,21,task-3u5y,,18167083,BLIND,5361762,,complete,,,computer,Desktop or Laptop,Mac OS 10.15.7,Safari 15.1,1792x1120,1792x1040,,Visual Search Click on Location,9,oneFirst,,,,,183,Right,183,Right,Spreadsheet1,Spreadsheet1,3,1,2,Screen 1,advancementZone,click_painting,5503,,,click limit reached,1,0,1,0,,,,,1,Task,Image2.PNG,1,
6,1640091463648,21/12/2021 12:57:43,1640091463546,0,21/12/2021 12:57:43,53563,21,task-3u5y,,18167083,BLIND,5361762,,complete,,,computer,Desktop or Laptop,Mac OS 10.15.7,Safari 15.1,1792x1120,1792x1040,,Visual Search Click on Location,9,oneFirst,,,,,183,Right,183,Right,Spreadsheet1,Spreadsheet1,5,2,1,Screen 2,fixation,fixation,453,,,,,0,1,0,,,,,1,Task,Image4.PNG,1,
7,1640091480126,21/12/2021 12:58:00,1640091480025,0,21/12/2021 12:58:00,53563,21,task-3u5y,,18167083,BLIND,5361762,,complete,,,computer,Desktop or Laptop,Mac OS 10.15.7,Safari 15.1,1792x1120,1792x1040,,Visual Search Click on Location,9,oneFirst,,,,,183,Right,183,Right,Spreadsheet1,Spreadsheet1,5,2,2,Screen 1,advancementZone,click_painting,16475.000000000004,,,click,1,0,1,0,471,86,,,1,Task,Image4.PNG,1,
8,1640091480363,21/12/2021 12:58:00,1640091480272,0,21/12/2021 12:58:00,53563,21,task-3u5y,,18167083,BLIND,5361762,,complete,,,computer,Desktop or Laptop,Mac OS 10.15.7,Safari 15.1,1792x1120,1792x1040,,Visual Search Click on Location,9,oneFirst,,,,,183,Right,183,Right,Spreadsheet1,Spreadsheet1,5,2,2,Screen 1,advancementZone,click_painting,16722,,,click limit reached,1,0,1,0,,,,,1,Task,Image4.PNG,1,
9,1640091480816,21/12/2021 12:58:00,1640091480719,0,21/12/2021 12:58:00,53563,21,task-3u5y,,18167083,BLIND,5361762,,complete,,,computer,Desktop or Laptop,Mac OS 10.15.7,Safari 15.1,1792x1120,1792x1040,,Visual Search Click on Location,9,oneFirst,,,,,183,Right,183,Right,Spreadsheet1,Spreadsheet1,2,3,1,Screen 2,fixation,fixation,448,,,,,0,1,0,,,,,1,Task,Image1.PNG,1,
10,1640091488489,21/12/2021 12:58:08,1640091488401,0,21/12/2021 12:58:08,53563,21,task-3u5y,,18167083,BLIND,5361762,,complete,,,computer,Desktop or Laptop,Mac OS 10.15.7,Safari 15.1,1792x1120,1792x1040,,Visual Search Click on Location,9,oneFirst,,,,,183,Right,183,Right,Spreadsheet1,Spreadsheet1,2,3,2,Screen 1,advancementZone,click_painting,7677.999999999996,,,click,1,0,1,0,481,122,,,1,Task,Image1.PNG,1,
11,1640091488916,21/12/2021 12:58:08,1640091488631,0,21/12/2021 12:58:08,53563,21,task-3u5y,,18167083,BLIND,5361762,,complete,,,computer,Desktop or Laptop,Mac OS 10.15.7,Safari 15.1,1792x1120,1792x1040,,Visual Search Click on Location,9,oneFirst,,,,,183,Right,183,Right,Spreadsheet1,Spreadsheet1,2,3,2,Screen 1,advancementZone,click_painting,7906.999999999996,,,click limit reached,1,0,1,0,,,,,1,Task,Image1.PNG,1,
12,1640091489161,21/12/2021 12:58:09,1640091489073,0,21/12/2021 12:58:09,53563,21,task-3u5y,,18167083,BLIND,5361762,,complete,,,computer,Desktop or Laptop,Mac OS 10.15.7,Safari 15.1,1792x1120,1792x1040,,Visual Search Click on Location,9,oneFirst,,,,,183,Right,183,Right,Spreadsheet1,Spreadsheet1,4,4,1,Screen 2,fixation,fixation,443,,,,,0,1,0,,,,,1,Task,Image3.PNG,1,
13,1640091508236,21/12/2021 12:58:28,1640091508146,0,21/12/2021 12:58:28,53563,21,task-3u5y,,18167083,BLIND,5361762,,complete,,,computer,Desktop or Laptop,Mac OS 10.15.7,Safari 15.1,1792x1120,1792x1040,,Visual Search Click on Location,9,oneFirst,,,,,183,Right,183,Right,Spreadsheet1,Spreadsheet1,4,4,2,Screen 1,advancementZone,click_painting,19068,,,click,1,0,1,0,601,254,,,1,Task,Image3.PNG,1,
14,1640091508477,21/12/2021 12:58:28,1640091508385,0,21/12/2021 12:58:28,53563,21,task-3u5y,,18167083,BLIND,5361762,,complete,,,computer,Desktop or Laptop,Mac OS 10.15.7,Safari 15.1,1792x1120,1792x1040,,Visual Search Click on Location,9,oneFirst,,,,,183,Right,183,Right,Spreadsheet1,Spreadsheet1,4,4,2,Screen 1,advancementZone,click_painting,19307,,,click limit reached,1,0,1,0,,,,,1,Task,Image3.PNG,1,
15,1640091509833,21/12/2021 12:58:29,1640091509741,0,21/12/2021 12:58:29,53563,21,task-3u5y,,18167083,BLIND,5361762,,complete,,,computer,Desktop or Laptop,Mac OS 10.15.7,Safari 15.1,1792x1120,1792x1040,,Visual Search Click on Location,9,oneFirst,,,,,183,Right,183,Right,Spreadsheet1,Spreadsheet1,6,1,1,Screen 1,advancementZone,continue_button,1344,,,,,0,1,0,,,,,,Break,,,
16,1640091511395,21/12/2021 12:58:31,1640091511299,0,21/12/2021 12:58:31,53563,21,task-3u5y,,18167083,BLIND,5361762,,complete,,,computer,Desktop or Laptop,Mac OS 10.15.7,Safari 15.1,1792x1120,1792x1040,,Visual Search Click on Location,9,oneFirst,,,,,183,Right,183,Right,Spreadsheet1,Spreadsheet1,8,1,1,Screen 3,Zone1,continue_button,1552,,,,,0,1,0,,,,,2,Task_paced,Image6_many.PNG,10,Find as many Ys as you can within 10 seconds
17,1640091511834,21/12/2021 12:58:31,1640091511741,0,21/12/2021 12:58:31,53563,21,task-3u5y,,18167083,BLIND,5361762,,complete,,,computer,Desktop or Laptop,Mac OS 10.15.7,Safari 15.1,1792x1120,1792x1040,,Visual Search Click on Location,9,oneFirst,,,,,183,Right,183,Right,Spreadsheet1,Spreadsheet1,8,1,2,Screen 1,fixation,fixation,456,,,,,0,1,0,,,,,2,Task_paced,Image6_many.PNG,10,Find as many Ys as you can within 10 seconds
18,1640091514810,21/12/2021 12:58:34,1640091514710,0,21/12/2021 12:58:34,53563,21,task-3u5y,,18167083,BLIND,5361762,,complete,,,computer,Desktop or Laptop,Mac OS 10.15.7,Safari 15.1,1792x1120,1792x1040,,Visual Search Click on Location,9,oneFirst,,,,,183,Right,183,Right,Spreadsheet1,Spreadsheet1,8,1,3,Screen 2,advancementZone,click_painting,2965,,,click,1,0,1,0,353,31,,,2,Task_paced,Image6_many.PNG,10,Find as many Ys as you can within 10 seconds
19,1640091517810,21/12/2021 12:58:37,1640091517720,0,21/12/2021 12:58:37,53563,21,task-3u5y,,18167083,BLIND,5361762,,complete,,,computer,Desktop or Laptop,Mac OS 10.15.7,Safari 15.1,1792x1120,1792x1040,,Visual Search Click on Location,9,oneFirst,,,,,183,Right,183,Right,Spreadsheet1,Spreadsheet1,8,1,3,Screen 2,advancementZone,click_painting,5975,,,click,2,0,1,0,164,48,,,2,Task_paced,Image6_many.PNG,10,Find as many Ys as you can within 10 seconds
20,1640091519770,21/12/2021 12:58:39,1640091519684,0,21/12/2021 12:58:39,53563,21,task-3u5y,,18167083,BLIND,5361762,,complete,,,computer,Desktop or Laptop,Mac OS 10.15.7,Safari 15.1,1792x1120,1792x1040,,Visual Search Click on Location,9,oneFirst,,,,,183,Right,183,Right,Spreadsheet1,Spreadsheet1,8,1,3,Screen 2,advancementZone,click_painting,7939,,,click,3,0,1,0,491,91,,,2,Task_paced,Image6_many.PNG,10,Find as many Ys as you can within 10 seconds
21,1640091521842,21/12/2021 12:58:41,1640091521740,0,21/12/2021 12:58:41,53563,21,task-3u5y,,18167083,BLIND,5361762,,complete,,,computer,Desktop or Laptop,Mac OS 10.15.7,Safari 15.1,1792x1120,1792x1040,,Visual Search Click on Location,9,oneFirst,,,,,183,Right,183,Right,Spreadsheet1,Spreadsheet1,8,1,3,Screen 2,Zone1,timelimit_screen,9998,,,,,0,1,0,,,1,,2,Task_paced,Image6_many.PNG,10,Find as many Ys as you can within 10 seconds
22,1640091523784,21/12/2021 12:58:43,1640091523681,0,21/12/2021 12:58:43,53563,21,task-3u5y,,18167083,BLIND,5361762,,complete,,,computer,Desktop or Laptop,Mac OS 10.15.7,Safari 15.1,1792x1120,1792x1040,,Visual Search Click on Location,9,oneFirst,,,,,183,Right,183,Right,Spreadsheet1,Spreadsheet1,7,2,1,Screen 3,Zone1,continue_button,1936,,,,,0,1,0,,,,,2,Task_paced,Image5_three.PNG,3,Find three Ys within 10 seconds
23,1640091524222,21/12/2021 12:58:44,1640091524126,0,21/12/2021 12:58:44,53563,21,task-3u5y,,18167083,BLIND,5361762,,complete,,,computer,Desktop or Laptop,Mac OS 10.15.7,Safari 15.1,1792x1120,1792x1040,,Visual Search Click on Location,9,oneFirst,,,,,183,Right,183,Right,Spreadsheet1,Spreadsheet1,7,2,2,Screen 1,fixation,fixation,446,,,,,0,1,0,,,,,2,Task_paced,Image5_three.PNG,3,Find three Ys within 10 seconds
24,1640091526430,21/12/2021 12:58:46,1640091526328,0,21/12/2021 12:58:46,53563,21,task-3u5y,,18167083,BLIND,5361762,,complete,,,computer,Desktop or Laptop,Mac OS 10.15.7,Safari 15.1,1792x1120,1792x1040,,Visual Search Click on Location,9,oneFirst,,,,,183,Right,183,Right,Spreadsheet1,Spreadsheet1,7,2,3,Screen 2,advancementZone,click_painting,2198,,,click,1,0,1,0,353,28,,,2,Task_paced,Image5_three.PNG,3,Find three Ys within 10 seconds
25,1640091533439,21/12/2021 12:58:53,1640091533332,0,21/12/2021 12:58:53,53563,21,task-3u5y,,18167083,BLIND,5361762,,complete,,,computer,Desktop or Laptop,Mac OS 10.15.7,Safari 15.1,1792x1120,1792x1040,,Visual Search Click on Location,9,oneFirst,,,,,183,Right,183,Right,Spreadsheet1,Spreadsheet1,7,2,3,Screen 2,advancementZone,click_painting,9202,,,click,2,0,1,0,106,175,,,2,Task_paced,Image5_three.PNG,3,Find three Ys within 10 seconds
26,1640091534230,21/12/2021 12:58:54,1640091534125,0,21/12/2021 12:58:54,53563,21,task-3u5y,,18167083,BLIND,5361762,,complete,,,computer,Desktop or Laptop,Mac OS 10.15.7,Safari 15.1,1792x1120,1792x1040,,Visual Search Click on Location,9,oneFirst,,,,,183,Right,183,Right,Spreadsheet1,Spreadsheet1,7,2,3,Screen 2,Zone1,timelimit_screen,9999,,,,,0,1,0,,,1,,2,Task_paced,Image5_three.PNG,3,Find three Ys within 10 seconds
27,1640091536101,21/12/2021 12:58:56,1640091536006,0,21/12/2021 12:58:56,53563,21,task-3u5y,,18167083,BLIND,5361762,,complete,,,computer,Desktop or Laptop,Mac OS 10.15.7,Safari 15.1,1792x1120,1792x1040,,Visual Search Click on Location,9,oneFirst,,,,,183,Right,183,Right,Spreadsheet1,Spreadsheet1,9,1,1,Screen 1,advancementZone,continue_button,1876,,,,,0,1,0,,,,,,End,,,
28,1640091536157,21/12/2021 12:58:56,1640091536008,0,21/12/2021 12:58:56,53563,21,task-3u5y,,18167083,BLIND,5361762,,complete,,,computer,Desktop or Laptop,Mac OS 10.15.7,Safari 15.1,1792x1120,1792x1040,,Visual Search Click on Location,9,oneFirst,,,,,183,Right,183,Right,Spreadsheet1,,,END TASK,,,,,83281,,,,,0,1,0,,,,,,,,,
1,1638881185783,07/12/2021 12:46:25,1638881183455,0,07/12/2021 12:46:23,53563,21,task-3u5y,,17813837,BLIND,5185783,,complete,,,computer,Desktop or Laptop,Windows 10,Chrome 96.0.4664.45,1920x1080,1920x1080,,Visual Search Click on Location,9,oneFirst,,,,,163,Right,163,Right,Spreadsheet1,,,BEGIN TASK,,,,,,,,,,0,1,0,,,,,,,,,
2,1638881187253,07/12/2021 12:46:27,1638881184965,0,07/12/2021 12:46:24,53563,21,task-3u5y,,17813837,BLIND,5185783,,complete,,,computer,Desktop or Laptop,Windows 10,Chrome 96.0.4664.45,1920x1080,1920x1080,,Visual Search Click on Location,9,oneFirst,,,,,163,Right,163,Right,Spreadsheet1,Spreadsheet1,1,1,1,Screen 1,advancementZone,continue_button,1435,,,,,0,1,0,,,,,,Instructions,,,
3,1638881187707,07/12/2021 12:46:27,1638881185409,0,07/12/2021 12:46:25,53563,21,task-3u5y,,17813837,BLIND,5185783,,complete,,,computer,Desktop or Laptop,Windows 10,Chrome 96.0.4664.45,1920x1080,1920x1080,,Visual Search Click on Location,9,oneFirst,,,,,163,Right,163,Right,Spreadsheet1,Spreadsheet1,4,1,1,Screen 2,fixation,fixation,450.0049999999999,,,,,0,1,0,,,,,1,Task,Image3.PNG,1,
4,1638881190763,07/12/2021 12:46:30,1638881188481,0,07/12/2021 12:46:28,53563,21,task-3u5y,,17813837,BLIND,5185783,,complete,,,computer,Desktop or Laptop,Windows 10,Chrome 96.0.4664.45,1920x1080,1920x1080,,Visual Search Click on Location,9,oneFirst,,,,,163,Right,163,Right,Spreadsheet1,Spreadsheet1,4,1,2,Screen 1,advancementZone,click_painting,3061.4000000059605,,,click,1,0,1,0,603,257,,,1,Task,Image3.PNG,1,
5,1638881191048,07/12/2021 12:46:31,1638881188726,0,07/12/2021 12:46:28,53563,21,task-3u5y,,17813837,BLIND,5185783,,complete,,,computer,Desktop or Laptop,Windows 10,Chrome 96.0.4664.45,1920x1080,1920x1080,,Visual Search Click on Location,9,oneFirst,,,,,163,Right,163,Right,Spreadsheet1,Spreadsheet1,4,1,2,Screen 1,advancementZone,click_painting,3306.300000011921,,,click limit reached,1,0,1,0,,,,,1,Task,Image3.PNG,1,
6,1638881191453,07/12/2021 12:46:31,1638881189176,0,07/12/2021 12:46:29,53563,21,task-3u5y,,17813837,BLIND,5185783,,complete,,,computer,Desktop or Laptop,Windows 10,Chrome 96.0.4664.45,1920x1080,1920x1080,,Visual Search Click on Location,9,oneFirst,,,,,163,Right,163,Right,Spreadsheet1,Spreadsheet1,2,2,1,Screen 2,fixation,fixation,450.02999999999975,,,,,0,1,0,,,,,1,Task,Image1.PNG,1,
7,1638881196468,07/12/2021 12:46:36,1638881193068,0,07/12/2021 12:46:33,53563,21,task-3u5y,,17813837,BLIND,5185783,,complete,,,computer,Desktop or Laptop,Windows 10,Chrome 96.0.4664.45,1920x1080,1920x1080,,Visual Search Click on Location,9,oneFirst,,,,,163,Right,163,Right,Spreadsheet1,Spreadsheet1,2,2,2,Screen 1,advancementZone,click_painting,3885.199999988079,,,click,1,0,1,0,490,120,,,1,Task,Image1.PNG,1,
8,1638881196924,07/12/2021 12:46:36,1638881193310,0,07/12/2021 12:46:33,53563,21,task-3u5y,,17813837,BLIND,5185783,,complete,,,computer,Desktop or Laptop,Windows 10,Chrome 96.0.4664.45,1920x1080,1920x1080,,Visual Search Click on Location,9,oneFirst,,,,,163,Right,163,Right,Spreadsheet1,Spreadsheet1,2,2,2,Screen 1,advancementZone,click_painting,4127.299999982119,,,click limit reached,1,0,1,0,,,,,1,Task,Image1.PNG,1,
9,1638881196924,07/12/2021 12:46:36,1638881193759,0,07/12/2021 12:46:33,53563,21,task-3u5y,,17813837,BLIND,5185783,,complete,,,computer,Desktop or Laptop,Windows 10,Chrome 96.0.4664.45,1920x1080,1920x1080,,Visual Search Click on Location,9,oneFirst,,,,,163,Right,163,Right,Spreadsheet1,Spreadsheet1,5,3,1,Screen 2,fixation,fixation,449.9390000000003,,,,,0,1,0,,,,,1,Task,Image4.PNG,1,
10,1638881197515,07/12/2021 12:46:37,1638881195251,0,07/12/2021 12:46:35,53563,21,task-3u5y,,17813837,BLIND,5185783,,complete,,,computer,Desktop or Laptop,Windows 10,Chrome 96.0.4664.45,1920x1080,1920x1080,,Visual Search Click on Location,9,oneFirst,,,,,163,Right,163,Right,Spreadsheet1,Spreadsheet1,5,3,2,Screen 1,advancementZone,click_painting,1486.7000000178814,,,click,1,0,1,0,480,89,,,1,Task,Image4.PNG,1,
11,1638881197767,07/12/2021 12:46:37,1638881195493,0,07/12/2021 12:46:35,53563,21,task-3u5y,,17813837,BLIND,5185783,,complete,,,computer,Desktop or Laptop,Windows 10,Chrome 96.0.4664.45,1920x1080,1920x1080,,Visual Search Click on Location,9,oneFirst,,,,,163,Right,163,Right,Spreadsheet1,Spreadsheet1,5,3,2,Screen 1,advancementZone,click_painting,1728.4000000059605,,,click limit reached,1,0,1,0,,,,,1,Task,Image4.PNG,1,
12,1638881198208,07/12/2021 12:46:38,1638881195943,0,07/12/2021 12:46:35,53563,21,task-3u5y,,17813837,BLIND,5185783,,complete,,,computer,Desktop or Laptop,Windows 10,Chrome 96.0.4664.45,1920x1080,1920x1080,,Visual Search Click on Location,9,oneFirst,,,,,163,Right,163,Right,Spreadsheet1,Spreadsheet1,3,4,1,Screen 2,fixation,fixation,450.01600000000144,,,,,0,1,0,,,,,1,Task,Image2.PNG,1,
13,1638881204553,07/12/2021 12:46:44,1638881201334,0,07/12/2021 12:46:41,53563,21,task-3u5y,,17813837,BLIND,5185783,,complete,,,computer,Desktop or Laptop,Windows 10,Chrome 96.0.4664.45,1920x1080,1920x1080,,Visual Search Click on Location,9,oneFirst,,,,,163,Right,163,Right,Spreadsheet1,Spreadsheet1,3,4,2,Screen 1,advancementZone,click_painting,5384.800000011921,,,click,1,0,1,0,163,211,,,1,Task,Image2.PNG,1,
14,1638881204639,07/12/2021 12:46:44,1638881201576,0,07/12/2021 12:46:41,53563,21,task-3u5y,,17813837,BLIND,5185783,,complete,,,computer,Desktop or Laptop,Windows 10,Chrome 96.0.4664.45,1920x1080,1920x1080,,Visual Search Click on Location,9,oneFirst,,,,,163,Right,163,Right,Spreadsheet1,Spreadsheet1,3,4,2,Screen 1,advancementZone,click_painting,5626.600000023842,,,click limit reached,1,0,1,0,,,,,1,Task,Image2.PNG,1,
15,1638881205838,07/12/2021 12:46:45,1638881203567,0,07/12/2021 12:46:43,53563,21,task-3u5y,,17813837,BLIND,5185783,,complete,,,computer,Desktop or Laptop,Windows 10,Chrome 96.0.4664.45,1920x1080,1920x1080,,Visual Search Click on Location,9,oneFirst,,,,,163,Right,163,Right,Spreadsheet1,Spreadsheet1,6,1,1,Screen 1,advancementZone,continue_button,1971.300000011921,,,,,0,1,0,,,,,,Break,,,
16,1638881207780,07/12/2021 12:46:47,1638881205508,0,07/12/2021 12:46:45,53563,21,task-3u5y,,17813837,BLIND,5185783,,complete,,,computer,Desktop or Laptop,Windows 10,Chrome 96.0.4664.45,1920x1080,1920x1080,,Visual Search Click on Location,9,oneFirst,,,,,163,Right,163,Right,Spreadsheet1,Spreadsheet1,7,1,1,Screen 3,Zone1,continue_button,1932.5,,,,,0,1,0,,,,,2,Task_paced,Image5_three.PNG,3,Find three Ys within 10 seconds
17,1638881208396,07/12/2021 12:46:48,1638881205943,0,07/12/2021 12:46:45,53563,21,task-3u5y,,17813837,BLIND,5185783,,complete,,,computer,Desktop or Laptop,Windows 10,Chrome 96.0.4664.45,1920x1080,1920x1080,,Visual Search Click on Location,9,oneFirst,,,,,163,Right,163,Right,Spreadsheet1,Spreadsheet1,7,1,2,Screen 1,fixation,fixation,449.97899999999936,,,,,0,1,0,,,,,2,Task_paced,Image5_three.PNG,3,Find three Ys within 10 seconds
18,1638881209505,07/12/2021 12:46:49,1638881207232,0,07/12/2021 12:46:47,53563,21,task-3u5y,,17813837,BLIND,5185783,,complete,,,computer,Desktop or Laptop,Windows 10,Chrome 96.0.4664.45,1920x1080,1920x1080,,Visual Search Click on Location,9,oneFirst,,,,,163,Right,163,Right,Spreadsheet1,Spreadsheet1,7,1,3,Screen 2,advancementZone,click_painting,1283.5,,,click,1,0,1,0,357,30,,,2,Task_paced,Image5_three.PNG,3,Find three Ys within 10 seconds
19,1638881210676,07/12/2021 12:46:50,1638881208399,0,07/12/2021 12:46:48,53563,21,task-3u5y,,17813837,BLIND,5185783,,complete,,,computer,Desktop or Laptop,Windows 10,Chrome 96.0.4664.45,1920x1080,1920x1080,,Visual Search Click on Location,9,oneFirst,,,,,163,Right,163,Right,Spreadsheet1,Spreadsheet1,7,1,3,Screen 2,advancementZone,click_painting,2449.9000000059605,,,click,2,0,1,0,418,148,,,2,Task_paced,Image5_three.PNG,3,Find three Ys within 10 seconds
20,1638881212462,07/12/2021 12:46:52,1638881210182,0,07/12/2021 12:46:50,53563,21,task-3u5y,,17813837,BLIND,5185783,,complete,,,computer,Desktop or Laptop,Windows 10,Chrome 96.0.4664.45,1920x1080,1920x1080,,Visual Search Click on Location,9,oneFirst,,,,,163,Right,163,Right,Spreadsheet1,Spreadsheet1,7,1,3,Screen 2,advancementZone,click_painting,4233.0999999940395,,,click,3,0,1,0,104,173,,,2,Task_paced,Image5_three.PNG,3,Find three Ys within 10 seconds
21,1638881212994,07/12/2021 12:46:52,1638881210428,0,07/12/2021 12:46:50,53563,21,task-3u5y,,17813837,BLIND,5185783,,complete,,,computer,Desktop or Laptop,Windows 10,Chrome 96.0.4664.45,1920x1080,1920x1080,,Visual Search Click on Location,9,oneFirst,,,,,163,Right,163,Right,Spreadsheet1,Spreadsheet1,7,1,3,Screen 2,advancementZone,click_painting,4477.199999988079,,,click limit reached,3,0,1,0,,,,,2,Task_paced,Image5_three.PNG,3,Find three Ys within 10 seconds
22,1638881214072,07/12/2021 12:46:54,1638881211805,0,07/12/2021 12:46:51,53563,21,task-3u5y,,17813837,BLIND,5185783,,complete,,,computer,Desktop or Laptop,Windows 10,Chrome 96.0.4664.45,1920x1080,1920x1080,,Visual Search Click on Location,9,oneFirst,,,,,163,Right,163,Right,Spreadsheet1,Spreadsheet1,8,2,1,Screen 3,Zone1,continue_button,1367.6000000238419,,,,,0,1,0,,,,,2,Task_paced,Image6_many.PNG,10,Find as many Ys as you can within 10 seconds
23,1638881214509,07/12/2021 12:46:54,1638881212243,0,07/12/2021 12:46:52,53563,21,task-3u5y,,17813837,BLIND,5185783,,complete,,,computer,Desktop or Laptop,Windows 10,Chrome 96.0.4664.45,1920x1080,1920x1080,,Visual Search Click on Location,9,oneFirst,,,,,163,Right,163,Right,Spreadsheet1,Spreadsheet1,8,2,2,Screen 1,fixation,fixation,450,,,,,0,1,0,,,,,2,Task_paced,Image6_many.PNG,10,Find as many Ys as you can within 10 seconds
24,1638881215771,07/12/2021 12:46:55,1638881213472,0,07/12/2021 12:46:53,53563,21,task-3u5y,,17813837,BLIND,5185783,,complete,,,computer,Desktop or Laptop,Windows 10,Chrome 96.0.4664.45,1920x1080,1920x1080,,Visual Search Click on Location,9,oneFirst,,,,,163,Right,163,Right,Spreadsheet1,Spreadsheet1,8,2,3,Screen 2,advancementZone,click_painting,1221.2000000178814,,,click,1,0,1,0,363,34,,,2,Task_paced,Image6_many.PNG,10,Find as many Ys as you can within 10 seconds
25,1638881217037,07/12/2021 12:46:57,1638881214766,0,07/12/2021 12:46:54,53563,21,task-3u5y,,17813837,BLIND,5185783,,complete,,,computer,Desktop or Laptop,Windows 10,Chrome 96.0.4664.45,1920x1080,1920x1080,,Visual Search Click on Location,9,oneFirst,,,,,163,Right,163,Right,Spreadsheet1,Spreadsheet1,8,2,3,Screen 2,advancementZone,click_painting,2515.5,,,click,2,0,1,0,471,88,,,2,Task_paced,Image6_many.PNG,10,Find as many Ys as you can within 10 seconds
26,1638881218011,07/12/2021 12:46:58,1638881215736,0,07/12/2021 12:46:55,53563,21,task-3u5y,,17813837,BLIND,5185783,,complete,,,computer,Desktop or Laptop,Windows 10,Chrome 96.0.4664.45,1920x1080,1920x1080,,Visual Search Click on Location,9,oneFirst,,,,,163,Right,163,Right,Spreadsheet1,Spreadsheet1,8,2,3,Screen 2,advancementZone,click_painting,3485.7000000178814,,,click,3,0,1,0,422,151,,,2,Task_paced,Image6_many.PNG,10,Find as many Ys as you can within 10 seconds
27,1638881219261,07/12/2021 12:46:59,1638881216990,0,07/12/2021 12:46:56,53563,21,task-3u5y,,17813837,BLIND,5185783,,complete,,,computer,Desktop or Laptop,Windows 10,Chrome 96.0.4664.45,1920x1080,1920x1080,,Visual Search Click on Location,9,oneFirst,,,,,163,Right,163,Right,Spreadsheet1,Spreadsheet1,8,2,3,Screen 2,advancementZone,click_painting,4739.4000000059605,,,click,4,0,1,0,103,168,,,2,Task_paced,Image6_many.PNG,10,Find as many Ys as you can within 10 seconds
28,1638881220586,07/12/2021 12:47:00,1638881218303,0,07/12/2021 12:46:58,53563,21,task-3u5y,,17813837,BLIND,5185783,,complete,,,computer,Desktop or Laptop,Windows 10,Chrome 96.0.4664.45,1920x1080,1920x1080,,Visual Search Click on Location,9,oneFirst,,,,,163,Right,163,Right,Spreadsheet1,Spreadsheet1,8,2,3,Screen 2,advancementZone,click_painting,6052.700000017881,,,click,5,0,1,0,162,54,,,2,Task_paced,Image6_many.PNG,10,Find as many Ys as you can within 10 seconds
29,1638881224983,07/12/2021 12:47:04,1638881222247,0,07/12/2021 12:47:02,53563,21,task-3u5y,,17813837,BLIND,5185783,,complete,,,computer,Desktop or Laptop,Windows 10,Chrome 96.0.4664.45,1920x1080,1920x1080,,Visual Search Click on Location,9,oneFirst,,,,,163,Right,163,Right,Spreadsheet1,Spreadsheet1,8,2,3,Screen 2,Zone1,timelimit_screen,10000.170999999995,,,,,0,1,0,,,1,,2,Task_paced,Image6_many.PNG,10,Find as many Ys as you can within 10 seconds
30,1638881225989,07/12/2021 12:47:05,1638881223721,0,07/12/2021 12:47:03,53563,21,task-3u5y,,17813837,BLIND,5185783,,complete,,,computer,Desktop or Laptop,Windows 10,Chrome 96.0.4664.45,1920x1080,1920x1080,,Visual Search Click on Location,9,oneFirst,,,,,163,Right,163,Right,Spreadsheet1,Spreadsheet1,9,1,1,Screen 1,advancementZone,continue_button,1463.8999999761581,,,,,0,1,0,,,,,,End,,,
31,1638881226349,07/12/2021 12:47:06,1638881223723,0,07/12/2021 12:47:03,53563,21,task-3u5y,,17813837,BLIND,5185783,,complete,,,computer,Desktop or Laptop,Windows 10,Chrome 96.0.4664.45,1920x1080,1920x1080,,Visual Search Click on Location,9,oneFirst,,,,,163,Right,163,Right,Spreadsheet1,,,END TASK,,,,,40268,,,,,0,1,0,,,,,,,,,
1,1638278738542,30/11/2021 13:25:38,1638278738464,0,30/11/2021 13:25:38,53563,21,task-3u5y,,17588884,BLIND,5193241,,complete,,,computer,Desktop or Laptop,Windows 10,Edge 96.0.1054.34,1280x854,1232x743,,Visual Search Click on Location,9,oneFirst,,,,,178,Right,178,Right,Spreadsheet1,,,BEGIN TASK,,,,,,,,,,0,1,0,,,,,,,,,
2,1638278739716,30/11/2021 13:25:39,1638278739687,0,30/11/2021 13:25:39,53563,21,task-3u5y,,17588884,BLIND,5193241,,complete,,,computer,Desktop or Laptop,Windows 10,Edge 96.0.1054.34,1280x854,1232x743,,Visual Search Click on Location,9,oneFirst,,,,,178,Right,178,Right,Spreadsheet1,Spreadsheet1,1,1,1,Screen 1,advancementZone,continue_button,1163.7000000476837,,,,,0,1,0,,,,,,Instructions,,,
3,1638278740162,30/11/2021 13:25:40,1638278740124,0,30/11/2021 13:25:40,53563,21,task-3u5y,,17588884,BLIND,5193241,,complete,,,computer,Desktop or Laptop,Windows 10,Edge 96.0.1054.34,1280x854,1232x743,,Visual Search Click on Location,9,oneFirst,,,,,178,Right,178,Right,Spreadsheet1,Spreadsheet1,5,1,1,Screen 2,fixation,fixation,450.0530000000001,,,,,0,1,0,,,,,1,Task,Image4.PNG,1,
4,1638278758123,30/11/2021 13:25:58,1638278757952,0,30/11/2021 13:25:57,53563,21,task-3u5y,,17588884,BLIND,5193241,,complete,,,computer,Desktop or Laptop,Windows 10,Edge 96.0.1054.34,1280x854,1232x743,,Visual Search Click on Location,9,oneFirst,,,,,178,Right,178,Right,Spreadsheet1,Spreadsheet1,5,1,2,Screen 1,advancementZone,click_painting,17813.699999928474,,,click,1,0,1,0,474,91,,,1,Task,Image4.PNG,1,
5,1638278758342,30/11/2021 13:25:58,1638278758189,0,30/11/2021 13:25:58,53563,21,task-3u5y,,17588884,BLIND,5193241,,complete,,,computer,Desktop or Laptop,Windows 10,Edge 96.0.1054.34,1280x854,1232x743,,Visual Search Click on Location,9,oneFirst,,,,,178,Right,178,Right,Spreadsheet1,Spreadsheet1,5,1,2,Screen 1,advancementZone,click_painting,18050.600000023842,,,click limit reached,1,0,1,0,,,,,1,Task,Image4.PNG,1,
6,1638278758654,30/11/2021 13:25:58,1638278758638,0,30/11/2021 13:25:58,53563,21,task-3u5y,,17588884,BLIND,5193241,,complete,,,computer,Desktop or Laptop,Windows 10,Edge 96.0.1054.34,1280x854,1232x743,,Visual Search Click on Location,9,oneFirst,,,,,178,Right,178,Right,Spreadsheet1,Spreadsheet1,3,2,1,Screen 2,fixation,fixation,449.97999999999956,,,,,0,1,0,,,,,1,Task,Image2.PNG,1,
7,1638278785489,30/11/2021 13:26:25,1638278785371,0,30/11/2021 13:26:25,53563,21,task-3u5y,,17588884,BLIND,5193241,,complete,,,computer,Desktop or Laptop,Windows 10,Edge 96.0.1054.34,1280x854,1232x743,,Visual Search Click on Location,9,oneFirst,,,,,178,Right,178,Right,Spreadsheet1,Spreadsheet1,3,2,2,Screen 1,advancementZone,click_painting,26729.299999952316,,,click,1,0,1,0,233,268,,,1,Task,Image2.PNG,1,
8,1638278785648,30/11/2021 13:26:25,1638278785618,0,30/11/2021 13:26:25,53563,21,task-3u5y,,17588884,BLIND,5193241,,complete,,,computer,Desktop or Laptop,Windows 10,Edge 96.0.1054.34,1280x854,1232x743,,Visual Search Click on Location,9,oneFirst,,,,,178,Right,178,Right,Spreadsheet1,Spreadsheet1,3,2,2,Screen 1,advancementZone,click_painting,26975.699999928474,,,click limit reached,1,0,1,0,,,,,1,Task,Image2.PNG,1,
9,1638278786105,30/11/2021 13:26:26,1638278786068,0,30/11/2021 13:26:26,53563,21,task-3u5y,,17588884,BLIND,5193241,,complete,,,computer,Desktop or Laptop,Windows 10,Edge 96.0.1054.34,1280x854,1232x743,,Visual Search Click on Location,9,oneFirst,,,,,178,Right,178,Right,Spreadsheet1,Spreadsheet1,4,3,1,Screen 2,fixation,fixation,449.91100000000006,,,,,0,1,0,,,,,1,Task,Image3.PNG,1,
10,1638278814075,30/11/2021 13:26:54,1638278814051,0,30/11/2021 13:26:54,53563,21,task-3u5y,,17588884,BLIND,5193241,,complete,,,computer,Desktop or Laptop,Windows 10,Edge 96.0.1054.34,1280x854,1232x743,,Visual Search Click on Location,9,oneFirst,,,,,178,Right,178,Right,Spreadsheet1,Spreadsheet1,4,3,2,Screen 1,advancementZone,click_painting,27970.200000047684,,,click,1,0,1,0,607,254,,,1,Task,Image3.PNG,1,
11,1638278814332,30/11/2021 13:26:54,1638278814298,0,30/11/2021 13:26:54,53563,21,task-3u5y,,17588884,BLIND,5193241,,complete,,,computer,Desktop or Laptop,Windows 10,Edge 96.0.1054.34,1280x854,1232x743,,Visual Search Click on Location,9,oneFirst,,,,,178,Right,178,Right,Spreadsheet1,Spreadsheet1,4,3,2,Screen 1,advancementZone,click_painting,28217.100000023842,,,click limit reached,1,0,1,0,,,,,1,Task,Image3.PNG,1,
12,1638278815004,30/11/2021 13:26:55,1638278814748,0,30/11/2021 13:26:54,53563,21,task-3u5y,,17588884,BLIND,5193241,,complete,,,computer,Desktop or Laptop,Windows 10,Edge 96.0.1054.34,1280x854,1232x743,,Visual Search Click on Location,9,oneFirst,,,,,178,Right,178,Right,Spreadsheet1,Spreadsheet1,2,4,1,Screen 2,fixation,fixation,449.91300000000047,,,,,0,1,0,,,,,1,Task,Image1.PNG,1,
13,1638278825223,30/11/2021 13:27:05,1638278825202,0,30/11/2021 13:27:05,53563,21,task-3u5y,,17588884,BLIND,5193241,,complete,,,computer,Desktop or Laptop,Windows 10,Edge 96.0.1054.34,1280x854,1232x743,,Visual Search Click on Location,9,oneFirst,,,,,178,Right,178,Right,Spreadsheet1,Spreadsheet1,2,4,2,Screen 1,advancementZone,click_painting,10443.800000071526,,,click,1,0,1,0,500,119,,,1,Task,Image1.PNG,1,
14,1638278825473,30/11/2021 13:27:05,1638278825446,0,30/11/2021 13:27:05,53563,21,task-3u5y,,17588884,BLIND,5193241,,complete,,,computer,Desktop or Laptop,Windows 10,Edge 96.0.1054.34,1280x854,1232x743,,Visual Search Click on Location,9,oneFirst,,,,,178,Right,178,Right,Spreadsheet1,Spreadsheet1,2,4,2,Screen 1,advancementZone,click_painting,10688.600000023842,,,click limit reached,1,0,1,0,,,,,1,Task,Image1.PNG,1,
15,1638278904031,30/11/2021 13:28:24,1638278903904,0,30/11/2021 13:28:23,53563,21,task-3u5y,,17588884,BLIND,5193241,,complete,,,computer,Desktop or Laptop,Windows 10,Edge 96.0.1054.34,1280x854,1232x743,,Visual Search Click on Location,9,oneFirst,,,,,178,Right,178,Right,Spreadsheet1,Spreadsheet1,6,1,1,Screen 1,advancementZone,continue_button,78430,,,,,0,1,0,,,,,,Break,,,
16,1638278906521,30/11/2021 13:28:26,1638278906490,0,30/11/2021 13:28:26,53563,21,task-3u5y,,17588884,BLIND,5193241,,complete,,,computer,Desktop or Laptop,Windows 10,Edge 96.0.1054.34,1280x854,1232x743,,Visual Search Click on Location,9,oneFirst,,,,,178,Right,178,Right,Spreadsheet1,Spreadsheet1,7,1,1,Screen 3,Zone1,continue_button,2570.100000023842,,,,,0,1,0,,,,,2,Task_paced,Image5_three.PNG,3,Find three Ys within 10 seconds
17,1638278906960,30/11/2021 13:28:26,1638278906937,0,30/11/2021 13:28:26,53563,21,task-3u5y,,17588884,BLIND,5193241,,complete,,,computer,Desktop or Laptop,Windows 10,Edge 96.0.1054.34,1280x854,1232x743,,Visual Search Click on Location,9,oneFirst,,,,,178,Right,178,Right,Spreadsheet1,Spreadsheet1,7,1,2,Screen 1,fixation,fixation,450.02799999999115,,,,,0,1,0,,,,,2,Task_paced,Image5_three.PNG,3,Find three Ys within 10 seconds
18,1638278912922,30/11/2021 13:28:32,1638278912661,0,30/11/2021 13:28:32,53563,21,task-3u5y,,17588884,BLIND,5193241,,complete,,,computer,Desktop or Laptop,Windows 10,Edge 96.0.1054.34,1280x854,1232x743,,Visual Search Click on Location,9,oneFirst,,,,,178,Right,178,Right,Spreadsheet1,Spreadsheet1,7,1,3,Screen 2,advancementZone,click_painting,5717.800000071526,,,click,1,0,1,0,417,152,,,2,Task_paced,Image5_three.PNG,3,Find three Ys within 10 seconds
19,1638278917101,30/11/2021 13:28:37,1638278916938,0,30/11/2021 13:28:36,53563,21,task-3u5y,,17588884,BLIND,5193241,,complete,,,computer,Desktop or Laptop,Windows 10,Edge 96.0.1054.34,1280x854,1232x743,,Visual Search Click on Location,9,oneFirst,,,,,178,Right,178,Right,Spreadsheet1,Spreadsheet1,7,1,3,Screen 2,Zone1,timelimit_screen,9998.768000000011,,,,,0,1,0,,,1,,2,Task_paced,Image5_three.PNG,3,Find three Ys within 10 seconds
20,1638278919171,30/11/2021 13:28:39,1638278919141,0,30/11/2021 13:28:39,53563,21,task-3u5y,,17588884,BLIND,5193241,,complete,,,computer,Desktop or Laptop,Windows 10,Edge 96.0.1054.34,1280x854,1232x743,,Visual Search Click on Location,9,oneFirst,,,,,178,Right,178,Right,Spreadsheet1,Spreadsheet1,8,2,1,Screen 3,Zone1,continue_button,2192.899999976158,,,,,0,1,0,,,,,2,Task_paced,Image6_many.PNG,10,Find as many Ys as you can within 10 seconds
21,1638278919625,30/11/2021 13:28:39,1638278919586,0,30/11/2021 13:28:39,53563,21,task-3u5y,,17588884,BLIND,5193241,,complete,,,computer,Desktop or Laptop,Windows 10,Edge 96.0.1054.34,1280x854,1232x743,,Visual Search Click on Location,9,oneFirst,,,,,178,Right,178,Right,Spreadsheet1,Spreadsheet1,8,2,2,Screen 1,fixation,fixation,450.03800000000047,,,,,0,1,0,,,,,2,Task_paced,Image6_many.PNG,10,Find as many Ys as you can within 10 seconds
22,1638278925319,30/11/2021 13:28:45,1638278925286,0,30/11/2021 13:28:45,53563,21,task-3u5y,,17588884,BLIND,5193241,,complete,,,computer,Desktop or Laptop,Windows 10,Edge 96.0.1054.34,1280x854,1232x743,,Visual Search Click on Location,9,oneFirst,,,,,178,Right,178,Right,Spreadsheet1,Spreadsheet1,8,2,3,Screen 2,advancementZone,click_painting,5692,,,click,1,0,1,0,487,92,,,2,Task_paced,Image6_many.PNG,10,Find as many Ys as you can within 10 seconds
23,1638278929024,30/11/2021 13:28:49,1638278928997,0,30/11/2021 13:28:48,53563,21,task-3u5y,,17588884,BLIND,5193241,,complete,,,computer,Desktop or Laptop,Windows 10,Edge 96.0.1054.34,1280x854,1232x743,,Visual Search Click on Location,9,oneFirst,,,,,178,Right,178,Right,Spreadsheet1,Spreadsheet1,8,2,3,Screen 2,advancementZone,click_painting,9403.200000047684,,,click,2,0,1,0,408,155,,,2,Task_paced,Image6_many.PNG,10,Find as many Ys as you can within 10 seconds
24,1638278929608,30/11/2021 13:28:49,1638278929586,0,30/11/2021 13:28:49,53563,21,task-3u5y,,17588884,BLIND,5193241,,complete,,,computer,Desktop or Laptop,Windows 10,Edge 96.0.1054.34,1280x854,1232x743,,Visual Search Click on Location,9,oneFirst,,,,,178,Right,178,Right,Spreadsheet1,Spreadsheet1,8,2,3,Screen 2,Zone1,timelimit_screen,9998.972000000009,,,,,0,1,0,,,1,,2,Task_paced,Image6_many.PNG,10,Find as many Ys as you can within 10 seconds
25,1638278932142,30/11/2021 13:28:52,1638278931914,0,30/11/2021 13:28:51,53563,21,task-3u5y,,17588884,BLIND,5193241,,complete,,,computer,Desktop or Laptop,Windows 10,Edge 96.0.1054.34,1280x854,1232x743,,Visual Search Click on Location,9,oneFirst,,,,,178,Right,178,Right,Spreadsheet1,Spreadsheet1,9,1,1,Screen 1,advancementZone,continue_button,2313.1999999284744,,,,,0,1,0,,,,,,End,,,
26,1638278932201,30/11/2021 13:28:52,1638278931923,0,30/11/2021 13:28:51,53563,21,task-3u5y,,17588884,BLIND,5193241,,complete,,,computer,Desktop or Laptop,Windows 10,Edge 96.0.1054.34,1280x854,1232x743,,Visual Search Click on Location,9,oneFirst,,,,,178,Right,178,Right,Spreadsheet1,,,END TASK,,,,,193459,,,,,0,1,0,,,,,,,,,
END OF FILE
